Workbook

Sheet TCT
A1: TỔNG CÔNG TY ĐẦU TƯ | G1: CỘNG HÒA XÃ HỘI CHỦ NGHĨA VIỆT NAM
A2: PHÁT TRIỂN ĐÔ THỊ - CTCP | G2: Độc Lập - Tự Do - Hạnh Phúc
G3: Thanh Hóa ngày 15 tháng 02 năm 2025
A4: TỔNG HỢP PHẠT NỘI QUY KHỐI VĂN PHÒNG THÁNG 01/2025
A6: TT | B6: Số QĐ | C6: Ngày | D6: Mã nhân viên | E6: Họ và tên | F6: Nơi làm việc | G6: Nội dung vi phạm | H6: Mức phạt | I6: Mức hạ loại | J6: Mức bồi thường | L6: Tổng phạt | M6: Ghi chú
A7: 1 | B7: 3 | C7: 45661 | D7: NV0376 | E7: Lê Bá Long | F7: TBP Hậu cần - P. KHHC&KT | G7: Sau khi triển khai kiểm kê ở các kho đã không kiểm tra, kiểm soát lại thông tin sản phẩm của các kho. Không kiểm soát lại số liệu, thông tin sản phẩm của bảng tổng hợp trước khi chuyển cho Ban kinh doanh dẫn đến việc xuất nhầm ở các kho và trực tiếp xuất hàng sai không theo thông báo số 483/TB -TCT ngày 09 tháng 08 năm 2024 của Tổng công ty | H7: 400000 | L7: =H7+J7 -> 400000 | M7: Trừ từ tháng 12/2024 đến 9/2025 (mỗi tháng 400.000 đồng)
A8: 2 | B8: 4 | C8: 45661 | D8: NV0047 | E8: Bùi Đức Tâm | F8: Thủ kho thành phẩm - P. KHHC&KT | G8: Thực hiện sai chỉ đạo khi kiểm kê, kiểm đếm hàng khoanh vùng tại Kho Phân xưởng 1- Nhà máy 2, có những mã ngày sản xuất không có trong thông báo số 483/TB-TCT, dẫn đến xuất nhầm hàng khoanh vùng không đúng theo thông báo số 483/TB - TCT ngày 09 tháng 08 năm 2024 của Tổng công ty | H8: 200000 | L8: =H8+J8 -> 200000 | M8: Trừ từ tháng 12/2024 đến 9/2025 (mỗi tháng 200.000 đồng)
A9: 3 | B9: 5 | C9: 45661 | D9: NV0007 | E9: Đỗ Thị Phương | F9: Thủ kho thành phẩm - P. KHHC&KT | G9: Thực hiện sai chỉ đạo khi kiểm kê, kiểm đếm hàng khoanh vùng tại Kho Quảng Hưng, có những mã ngày sản xuất không có trong thông báo số 483/TB-TCT, dẫn đến xuất nhầm hàng khoanh vùng không đúng theo thông báo số 483/TB - TCT ngày 09 tháng 08 năm 2024 của Tổng công ty | H9: 200000 | L9: =H9+J9 -> 200000 | M9: Trừ từ tháng 12/2024 đến 9/2025 (mỗi tháng 200.000 đồng)
A10: 4 | B10: 6 | C10: 45661 | D10: NV0693 | E10: Nguyễn Hữu Hải | F10: Thủ kho thành phẩm - P. KHHC&KT | G10: Thực hiện sai chỉ đạo khi kiểm kê, kiểm đếm hàng khoanh vùng tại Kho Cảng 2, có những mã ngày sản xuất không có trong thông báo số 483/TB-TCT, dẫn đến xuất nhầm hàng khoanh vùng không đúng theo thông báo số 483/TB - TCT ngày 09 tháng 08 năm 2024 của Tổng công ty. | H10: 200000 | L10: =H10+J10 -> 200000 | M10: Trừ từ tháng 12/2024 đến 9/2025 (mỗi tháng 200.000 đồng)
A11: 5 | B11: 7 | C11: 45661 | D11: NV1071 | E11: Nguyễn Thăng Hệ | F11: TBP Thanh tra | G11: Thực hiện sai quy trình xử lý vi phạm nội quy lao động, không tổ chức họp xử lý kỷ luật và thông báo mức độ vi phạm cho người lao động, yêu cầu bồi thường vật chất chưa dân chủ, trung thực, khách quan trước khi tham mưu trình Tổng giám đốc | H11: 300000 | L11: =H11+J11 -> 300000 | M11: Trừ từ tháng 12/2024 đến 9/2025 (mỗi tháng 300.000 đồng)
A12: Tổng cộng: | H12: =SUM(H7:H11) -> 1300000 | J12: =SUM(J7:J11) -> 0 | L12: =SUM(L7:L11) -> 1300000
A13: Bằng chữ: | E13: =[1]!vnd(L12) -> #NAME?
B15: P TỔ CHỨC | J15: NGƯỜI LẬP
B19: Nguyễn Văn Dương | J19: Đỗ Thị Thu Hương
A25: TỔNG CÔNG TY ĐẦU TƯ | G25: CỘNG HÒA XÃ HỘI CHỦ NGHĨA VIỆT NAM
A26: PHÁT TRIỂN ĐÔ THỊ - CTCP | G26: Độc Lập - Tự Do - Hạnh Phúc
G27: Thanh Hóa ngày 15 tháng 03 năm 2025
A28: TỔNG HỢP PHẠT NỘI QUY KHỐI VĂN PHÒNG THÁNG 02/2025
A30: TT | B30: Số QĐ | C30: Ngày | D30: Mã nhân viên | E30: Họ và tên | F30: Nơi làm việc | G30: Nội dung vi phạm | H30: Mức phạt | I30: Mức hạ loại | J30: Mức bồi thường | K30: Điểm trừ | L30: Tổng phạt | M30: Ghi chú
A31: 1 | B31: 3 | C31: 45661 | D31: NV0376 | E31: Lê Bá Long | F31: TBP Hậu cần - P. KHHC&KT | G31: Sau khi triển khai kiểm kê ở các kho đã không kiểm tra, kiểm soát lại thông tin sản phẩm của các kho. Không kiểm soát lại số liệu, thông tin sản phẩm của bảng tổng hợp trước khi chuyển cho Ban kinh doanh dẫn đến việc xuất nhầm ở các kho và trực tiếp xuất hàng sai không theo thông báo số 483/TB -TCT ngày 09 tháng 08 năm 2024 của Tổng công ty | H31: 400000 | L31: =H31+J31 -> 400000 | M31: Trừ từ tháng 12/2024 đến 9/2025 (mỗi tháng 400.000 đồng)
A32: 2 | B32: 4 | C32: 45661 | D32: NV0047 | E32: Bùi Đức Tâm | F32: Thủ kho thành phẩm - P. KHHC&KT | G32: Thực hiện sai chỉ đạo khi kiểm kê, kiểm đếm hàng khoanh vùng tại Kho Phân xưởng 1- Nhà máy 2, có những mã ngày sản xuất không có trong thông báo số 483/TB-TCT, dẫn đến xuất nhầm hàng khoanh vùng không đúng theo thông báo số 483/TB - TCT ngày 09 tháng 08 năm 2024 của Tổng công ty | H32: 200000 | L32: =H32+J32 -> 200000 | M32: Trừ từ tháng 12/2024 đến 9/2025 (mỗi tháng 200.000 đồng)
A33: 3 | B33: 5 | C33: 45661 | D33: NV0007 | E33: Đỗ Thị Phương | F33: Thủ kho thành phẩm - P. KHHC&KT | G33: Thực hiện sai chỉ đạo khi kiểm kê, kiểm đếm hàng khoanh vùng tại Kho Quảng Hưng, có những mã ngày sản xuất không có trong thông báo số 483/TB-TCT, dẫn đến xuất nhầm hàng khoanh vùng không đúng theo thông báo số 483/TB - TCT ngày 09 tháng 08 năm 2024 của Tổng công ty | H33: 200000 | L33: =H33+J33 -> 200000 | M33: Trừ từ tháng 12/2024 đến 9/2025 (mỗi tháng 200.000 đồng)
A34: 4 | B34: 6 | C34: 45661 | D34: NV0693 | E34: Nguyễn Hữu Hải | F34: Thủ kho thành phẩm - P. KHHC&KT | G34: Thực hiện sai chỉ đạo khi kiểm kê, kiểm đếm hàng khoanh vùng tại Kho Cảng 2, có những mã ngày sản xuất không có trong thông báo số 483/TB-TCT, dẫn đến xuất nhầm hàng khoanh vùng không đúng theo thông báo số 483/TB - TCT ngày 09 tháng 08 năm 2024 của Tổng công ty. | H34: 200000 | L34: =H34+J34 -> 200000 | M34: Trừ từ tháng 12/2024 đến 9/2025 (mỗi tháng 200.000 đồng)
A35: 5 | B35: 7 | C35: 45661 | D35: NV1071 | E35: Nguyễn Thăng Hệ | F35: TBP Thanh tra | G35: Thực hiện sai quy trình xử lý vi phạm nội quy lao động, không tổ chức họp xử lý kỷ luật và thông báo mức độ vi phạm cho người lao động, yêu cầu bồi thường vật chất chưa dân chủ, trung thực, khách quan trước khi tham mưu trình Tổng giám đốc | H35: 300000 | L35: =H35+J35 -> 300000 | M35: Trừ từ tháng 12/2024 đến 9/2025 (mỗi tháng 300.000 đồng)
A36: 6 | B36: 115 | C36: 45709 | D36: NV3323 | E36: Đỗ Đức Nam | F36: Nhân viên QC - Ban thanh tra - kiểm soát | G36: Vào hồi 16h ngày 15/2/2025. Trong quá trình nhập nhiên liệu (dầu) tại kho PX2. Do tính chất công việc nên không thực hiện giám sát hết quá trình nhập nhiên liệu tại kho. Để thủ kho xả dầu quá dung tích chứa của bồn làm tràn dầu ra ngoài gây thiệt hại cho cty | L36: =H36+J36 -> 0 | M36: Cảnh cáo
A45: Tổng cộng: | H45: =SUM(H31:H44) -> 1300000 | J45: =SUM(J31:J44) -> 0 | L45: =SUM(L31:L44) -> 1300000
A46: Bằng chữ: | E46: =[2]!vnd(L45) -> #NAME?
B48: P TỔ CHỨC | J48: NGƯỜI LẬP
B52: Nguyễn Văn Dương | J52: Đỗ Thị Thu Hương
A60: TỔNG CÔNG TY ĐẦU TƯ | G60: CỘNG HÒA XÃ HỘI CHỦ NGHĨA VIỆT NAM
A61: PHÁT TRIỂN ĐÔ THỊ - CTCP | G61: Độc Lập - Tự Do - Hạnh Phúc
G62: Thanh Hóa ngày 15 tháng 04 năm 2025
A63: TỔNG HỢP PHẠT NỘI QUY KHỐI VĂN PHÒNG THÁNG 03/2025
A65: TT | B65: Số QĐ | C65: Ngày | D65: Mã nhân viên | E65: Họ và tên | F65: Nơi làm việc | G65: Nội dung vi phạm | H65: Mức phạt | I65: Mức hạ loại | J65: Mức bồi thường | K65: Điểm trừ | L65: Tổng phạt | M65: Ghi chú
A66: 1 | B66: 3 | C66: 45661 | D66: NV0376 | E66: Lê Bá Long | F66: TBP Hậu cần - P. KHHC&KT | G66: Sau khi triển khai kiểm kê ở các kho đã không kiểm tra, kiểm soát lại thông tin sản phẩm của các kho. Không kiểm soát lại số liệu, thông tin sản phẩm của bảng tổng hợp trước khi chuyển cho Ban kinh doanh dẫn đến việc xuất nhầm ở các kho và trực tiếp xuất hàng sai không theo thông báo số 483/TB -TCT ngày 09 tháng 08 năm 2024 của Tổng công ty | H66: 400000 | L66: =H66+J66 -> 400000 | M66: Trừ từ tháng 12/2024 đến 9/2025 (mỗi tháng 400.000 đồng)
A67: 2 | B67: 4 | C67: 45661 | D67: NV0047 | E67: Bùi Đức Tâm | F67: Thủ kho thành phẩm - P. KHHC&KT | G67: Thực hiện sai chỉ đạo khi kiểm kê, kiểm đếm hàng khoanh vùng tại Kho Phân xưởng 1- Nhà máy 2, có những mã ngày sản xuất không có trong thông báo số 483/TB-TCT, dẫn đến xuất nhầm hàng khoanh vùng không đúng theo thông báo số 483/TB - TCT ngày 09 tháng 08 năm 2024 của Tổng công ty | H67: 200000 | L67: =H67+J67 -> 200000 | M67: Trừ từ tháng 12/2024 đến 9/2025 (mỗi tháng 200.000 đồng)
A68: 3 | B68: 5 | C68: 45661 | D68: NV0007 | E68: Đỗ Thị Phương | F68: Thủ kho thành phẩm - P. KHHC&KT | G68: Thực hiện sai chỉ đạo khi kiểm kê, kiểm đếm hàng khoanh vùng tại Kho Quảng Hưng, có những mã ngày sản xuất không có trong thông báo số 483/TB-TCT, dẫn đến xuất nhầm hàng khoanh vùng không đúng theo thông báo số 483/TB - TCT ngày 09 tháng 08 năm 2024 của Tổng công ty | H68: 200000 | L68: =H68+J68 -> 200000 | M68: Trừ từ tháng 12/2024 đến 9/2025 (mỗi tháng 200.000 đồng)
A69: 4 | B69: 6 | C69: 45661 | D69: NV0693 | E69: Nguyễn Hữu Hải | F69: Thủ kho thành phẩm - P. KHHC&KT | G69: Thực hiện sai chỉ đạo khi kiểm kê, kiểm đếm hàng khoanh vùng tại Kho Cảng 2, có những mã ngày sản xuất không có trong thông báo số 483/TB-TCT, dẫn đến xuất nhầm hàng khoanh vùng không đúng theo thông báo số 483/TB - TCT ngày 09 tháng 08 năm 2024 của Tổng công ty. | H69: 200000 | L69: =H69+J69 -> 200000 | M69: Trừ từ tháng 12/2024 đến 9/2025 (mỗi tháng 200.000 đồng)
A70: 5 | B70: 7 | C70: 45661 | D70: NV1071 | E70: Nguyễn Thăng Hệ | F70: TBP Thanh tra | G70: Thực hiện sai quy trình xử lý vi phạm nội quy lao động, không tổ chức họp xử lý kỷ luật và thông báo mức độ vi phạm cho người lao động, yêu cầu bồi thường vật chất chưa dân chủ, trung thực, khách quan trước khi tham mưu trình Tổng giám đốc | H70: 300000 | L70: =H70+J70 -> 300000 | M70: Trừ từ tháng 12/2024 đến 9/2025 (mỗi tháng 300.000 đồng)
A71: 6 | B71: 96 | C71: 46009 | D71: NV4119 | E71: Hoàng Ngọc Dương | F71: Nhân viên thủ kho nguyên liệu - Phòng kế toán | G71: Thiếu tinh thần trách nhiệm trong quá trình nhập hàng tại kho, kiểm soát lượng hàng tồn kho chưa tốt dẫn đến đề nghị nhập hàng quá với dung tích chứa của bồn, khi xả nhiên liệu từ xe tec xuống bồn làm tràn dầu ra ngoài gây thiệt hại tài sản của công ty | H71: 500000 | J71: 600000 | K71: 20 | L71: =H71+J71 -> 1100000
A72: 7 | B72: 99 | C72: 45706 | D72: NV1871 | E72: Viên Đình Khang | F72: Nhân viên Lái xe nâng - Tổ phục vụ xuất hàng - Ban kinh doanh | G72: Trong quá trình điều khiển xe nâng đẩy gạch lên xe chuyển tải do không cẩn thận tác động làm rơi 1 palet gạch (800x800) mã VC80049ALI2, làm vỡ 28 hộp vào ngày 18/2/2025 | J72: =3600000/3 -> 1200000 | K72: 18 | L72: =H72+J72 -> 1200000 | M72: Phạt 3tr600 (trừ T3;T4;T5)
A73: 8 | B73: 168 | C73: 45720 | D73: NV0041 | E73: Nguyễn Thị Bích Hường | F73: Giám đốc Ban kinh doanh | G73: Chịu trách nhiệm liên đới theo quy định:112/QĐ-CT về việc siết chặt kỹ luật và nâng cao trách nhiệm của đội ngũ cán bộ quản lý, CBCNV.Chưa sát sao trong công tác hướng dẫn bán hàng đối với nhân viên mới, dẫn đến việc xuất nhầm nhãn hàng VC6217 của NPP (Liên Hiệp) cho NPP (Quang Thịnh),SL:320 hộp | K73: 2 | L73: =H73+J73 -> 0
A74: 9 | B74: 169 | C74: 45720 | D74: NV1278 | E74: Đỗ Thị Hằng | F74: Nhân viên điều phối vùng 8+9 - Ban kinh doanh | G74: Trong thời gian hỗ trợ nhân viên thị trường vùng 6. Do thiếu kiểm soát trong việc kiểm tra nhãn hàng trong giao ước thỏa thuận với NPP, dẫn đến xuất nhầm nhãn hàng VC6217 của NPP (Liên Hiệp) cho NPP (Quang Thịnh),SL:320 hộp | H74: 500000 | K74: 5 | L74: =H74+J74 -> 500000
A75: 10 | B75: 170 | C75: 45720 | D75: NV0079 | E75: Ngô Tiến Luân | F75: Giám đốc vùng 6- Ban kinh doanh | G75: Thiếu kiểm soát trong công tác theo dõi đơn hàng của NPP. (Trong khi nhân viên hỗ trợ thị trường vùng xin nghỉ giải quyết việc gia đình, đã điều người khác thay thế).Dẫn đến sai sót trong việc nhân viên hỗ trợ mới xuất nhầm nhãn hàng VC6217 của NPP (Liên Hiệp) cho NPP (Quang Thịnh),SL:320 hộp | K75: 3 | L75: =H75+J75 -> 0
A76: 11 | B76: 177 | C76: 45721 | D76: NV5012 | E76: Đào Xuân Khải | F76: Lái xe nâng hành chính PXSX1 | G76: Trong quá trình điều khiển phương tiện hỗ trợ xe nâng số 27 bị sa lầy, do thiếu kiểm soát để càng xe tỳ vào ống xả của xe được cứu hộ làm hư hỏng tài sản của công ty | K76: 30 | L76: =H76+J76 -> 0
A77: 12 | B77: 184 | C77: 45722 | D77: NV5394 | E77: Nguyễn Văn Tuấn | F77: Nhân viên lái xe mỏ - Ban đầu tư và khai thác | G77: Trong quá trình thay dầu máy định kỳ xe tải BKS: 36C-36793 và vận chuyển nguyên liệu từ "Đông Văn" về xưởng nghiền vi phạm quy định về xuất nhập và sử dụng vật tư thay thế, Vận chuyển nguyên liệu khi đổ ben vẫn còn sót lại trên thùng xe, gây lãng phí cho công ty | K77: 15 | L77: =H77+J77 -> 0
A78: 13 | B78: 201 | C78: 45728 | D78: NV0695 | E78: Nguyễn Huy Toàn | F78: Thủ kho nguyên liệu - Bộ phận kho vật tư NL&TP | G78: Thiếu kiểm soát trong công tác chuẩn bị mặt bằng sắp xếp khu vực để men trong phân xưởng, để xe nâng đưa palet men vào sát khu vực tủ điện, xảy ra sự cố chập, cháy mất an toàn, ảnh hưởng đến sản xuất của PXSX1 | K78: 3 | L78: =H78+J78 -> 0
A79: 14 | B79: 202 | C79: 45728 | D79: NV2213 | E79: Lê Bá Triệu | F79: Nhân viên Lái xe nâng - Ban kinh doanh | G79: Trong quá trình điều khiển phương tiện xe nâng vận chuyển nguyên liệu Men vào phân xưởng để bàn giao mặt bằng cho bộ phận kho nguyên liệu. Do thiếu kiểm soát để palet men đè lên dây điện 3 pha cung cấp nguồn cho máy in kỹ thuật số , khi rút càng dây điện bị tỳ làm hỏng vỏ bảo vệ bên ngoài, gây chập cháy, mất an toàn, ảnh hưởng đến sản xuất của phân xưởng. | H79: 500000 | K79: 15 | L79: =H79+J79 -> 500000
A80: 15 | B80: 210 | C80: 45731 | E80: Xe nâng tổ phục vụ XH | F80: Ban kinh doanh | G80: Ngày 13/3/2025 bộ phận kho Cảng 1 xuất hàng cho nhà phân phối, phát hiện mã gạch 11V660017A1K1 đã bị xe nâng va quẹt làm vỡ 13 hộp, không xác định được thời gian và phương tiện vận hành | J80: 1010000 | L80: =H80+J80 -> 1010000 | M80: Danh sách kèm theo
A81: Tổng cộng: | H81: =SUM(H66:H80) -> 2800000 | J81: =SUM(J66:J80) -> 2810000 | L81: =SUM(L66:L80) -> 5610000
A82: Bằng chữ: | E82: =[2]!vnd(L81) -> #NAME?
B84: P TỔ CHỨC | J84: NGƯỜI LẬP
B88: Nguyễn Văn Dương | J88: Lê Thị Diễm
A92: TỔNG CÔNG TY ĐẦU TƯ | G92: CỘNG HÒA XÃ HỘI CHỦ NGHĨA VIỆT NAM
A93: PHÁT TRIỂN ĐÔ THỊ - CTCP | G93: Độc Lập - Tự Do - Hạnh Phúc
G94: Thanh Hóa ngày 15 tháng 05 năm 2025
A95: TỔNG HỢP PHẠT NỘI QUY KHỐI VĂN PHÒNG THÁNG 04/2025
A97: TT | B97: Số QĐ | C97: Ngày | D97: Mã nhân viên | E97: Họ và tên | F97: Nơi làm việc | G97: Nội dung vi phạm | H97: Mức phạt | I97: Mức hạ loại | J97: Mức bồi thường | K97: Điểm trừ | L97: Tổng phạt | M97: Ghi chú
A98: 1 | B98: 3 | C98: 45661 | D98: NV0376 | E98: Lê Bá Long | F98: TBP Hậu cần - P. KHHC&KT | G98: Sau khi triển khai kiểm kê ở các kho đã không kiểm tra, kiểm soát lại thông tin sản phẩm của các kho. Không kiểm soát lại số liệu, thông tin sản phẩm của bảng tổng hợp trước khi chuyển cho Ban kinh doanh dẫn đến việc xuất nhầm ở các kho và trực tiếp xuất hàng sai không theo thông báo số 483/TB -TCT ngày 09 tháng 08 năm 2024 của Tổng công ty | H98: 400000 | L98: =H98+J98 -> 400000 | M98: Trừ từ tháng 12/2024 đến 9/2025 (mỗi tháng 400.000 đồng)
A99: 2 | B99: 4 | C99: 45661 | D99: NV0047 | E99: Bùi Đức Tâm | F99: Thủ kho thành phẩm - P. KHHC&KT | G99: Thực hiện sai chỉ đạo khi kiểm kê, kiểm đếm hàng khoanh vùng tại Kho Phân xưởng 1- Nhà máy 2, có những mã ngày sản xuất không có trong thông báo số 483/TB-TCT, dẫn đến xuất nhầm hàng khoanh vùng không đúng theo thông báo số 483/TB - TCT ngày 09 tháng 08 năm 2024 của Tổng công ty | H99: 200000 | L99: =H99+J99 -> 200000 | M99: Trừ từ tháng 12/2024 đến 9/2025 (mỗi tháng 200.000 đồng)
A100: 3 | B100: 5 | C100: 45661 | D100: NV0007 | E100: Đỗ Thị Phương | F100: Thủ kho thành phẩm - P. KHHC&KT | G100: Thực hiện sai chỉ đạo khi kiểm kê, kiểm đếm hàng khoanh vùng tại Kho Quảng Hưng, có những mã ngày sản xuất không có trong thông báo số 483/TB-TCT, dẫn đến xuất nhầm hàng khoanh vùng không đúng theo thông báo số 483/TB - TCT ngày 09 tháng 08 năm 2024 của Tổng công ty | H100: 200000 | L100: =H100+J100 -> 200000 | M100: Trừ từ tháng 12/2024 đến 9/2025 (mỗi tháng 200.000 đồng)
A101: 4 | B101: 6 | C101: 45661 | D101: NV0693 | E101: Nguyễn Hữu Hải | F101: Thủ kho thành phẩm - P. KHHC&KT | G101: Thực hiện sai chỉ đạo khi kiểm kê, kiểm đếm hàng khoanh vùng tại Kho Cảng 2, có những mã ngày sản xuất không có trong thông báo số 483/TB-TCT, dẫn đến xuất nhầm hàng khoanh vùng không đúng theo thông báo số 483/TB - TCT ngày 09 tháng 08 năm 2024 của Tổng công ty. | H101: 200000 | L101: =H101+J101 -> 200000 | M101: Trừ từ tháng 12/2024 đến 9/2025 (mỗi tháng 200.000 đồng)
A102: 5 | B102: 7 | C102: 45661 | D102: NV1071 | E102: Nguyễn Thăng Hệ | F102: TBP Thanh tra | G102: Thực hiện sai quy trình xử lý vi phạm nội quy lao động, không tổ chức họp xử lý kỷ luật và thông báo mức độ vi phạm cho người lao động, yêu cầu bồi thường vật chất chưa dân chủ, trung thực, khách quan trước khi tham mưu trình Tổng giám đốc | H102: =300000*6 -> 1800000 | L102: =H102+J102 -> 1800000 | M102: Trừ từ tháng 12/2024 đến 9/2025 (mỗi tháng 300.000 đồng) , đã nghỉ việc nên trừ hết từ tháng 4/2025
A103: 6 | B103: 99 | C103: 45706 | D103: NV1871 | E103: Viên Đình Khang | F103: Nhân viên Lái xe nâng - Tổ phục vụ xuất hàng - Ban kinh doanh | G103: Trong quá trình điều khiển xe nâng đẩy gạch lên xe chuyển tải do không cẩn thận tác động làm rơi 1 palet gạch (800x800) mã VC80049ALI2, làm vỡ 28 hộp vào ngày 18/2/2025 | J103: =3600000/3 -> 1200000 | L103: =H103+J103 -> 1200000 | M103: Phạt 3tr600 (trừ T3;T4;T5)
A104: 7 | B104: 334 | C104: 45772 | D104: NV0036 | E104: Nguyễn Thị Biên | F104: Nhân viên hỗ trợ thị trường - Ban kinh doanh | G104: Lợi dụng vị trí công tác, gây sách nhiễu cho bên dịch vụ vận tải, để nhận tiền dịch vụ thông quá lái xe, làm ảnh hưởng đến uy tín của Công ty | H104: 10000000 | K104: 36 | L104: =H104+J104 -> 10000000 | M104: Nghỉ từ tháng 5, trừ hết lương tháng 4
A105: 8 | B105: 333 | C105: 45772 | D105: NV0041 | E105: Nguyễn Thị Bích Hường | F105: Giám đốc - Ban kinh doanh | G105: Trách nhiệm liên đới trong công tác quản lý, quán triệt chưa triệt để và quyết liệt đối với nhân viên thuộc quyền quản lý, để nhân viên gây sách nhiễu cho bên dịch vụ vận tải và nhận tiền dịch vụ, làm ảnh hưởng đến uy tín của Công ty | K105: 3 | L105: =H105+J105 -> 0
A106: 9 | B106: 330 | C106: 45771 | D106: NV5394 | E106: Nguyễn Văn Tuấn | F106: Lái xe - Ban đầu tư và khai thác | G106: Thiếu trách nhiệm trong công tác bảo quản, bảo dưỡng phương tiện định kỳ của xe tải 36C-36793 . Để tình trạng xe bị vỡ bầu lọc gió, bóp méo thùng xe, nhưng không báo cáo cấp quản lý để được bố trí đưa phương tiện vào xưởng sửa chữa kịp thời, đảm bảo tuổi thọ động cơ và vận hành của phương tiện | K106: 5 | L106: =H106+J106 -> 0
A107: 10 | B107: 301 | C107: 45762 | E107: Lê Thị Thanh Thúy | F107: Ban kinh doanh | G107: Vi phạm nội quy lao động, trong giờ hành chính đặt đồ uống ( nước dừa ) và sử dụng trong giờ làm việc, gây phản cảm, ảnh hưởng tiến độ và chất lượng công việc | K107: 8 | L107: =H107+J107 -> 0
A108: 11 | B108: 302 | C108: 45762 | D108: NV0027 | E108: Trần Thị Hương | F108: Ban kinh doanh | G108: Vi phạm nội quy lao động, trong giờ hành chính đặt đồ uống ( nước dừa ) và sử dụng trong giờ làm việc, gây phản cảm, ảnh hưởng tiến độ và chất lượng công việc | K108: 8 | L108: =H108+J108 -> 0
A109: 12 | B109: 305 | C109: 45762 | D109: NV0036 | E109: Nguyễn Thị Biên | F109: Nhân viên hỗ trợ thị trường - Ban kinh doanh | G109: Vi phạm nội quy lao động, trong giờ hành chính đặt đồ uống ( nước dừa ) và sử dụng trong giờ làm việc, gây phản cảm, ảnh hưởng tiến độ và chất lượng công việc | K109: 3 | L109: =H109+J109 -> 0
A110: 13
A111: 14
A112: 15
A113: 16
A114: Tổng cộng: | H114: =SUM(H98:H109) -> 12800000 | J114: =SUM(J98:J109) -> 1200000 | L114: =SUM(L98:L109) -> 14000000
A115: Bằng chữ: | E115: =[2]!vnd(L114) -> #NAME?
B117: P TỔ CHỨC | J117: NGƯỜI LẬP
B121: Nguyễn Văn Dương | J121: Lê Thị Diễm
A125: TỔNG CÔNG TY ĐẦU TƯ | G125: CỘNG HÒA XÃ HỘI CHỦ NGHĨA VIỆT NAM
A126: PHÁT TRIỂN ĐÔ THỊ - CTCP | G126: Độc Lập - Tự Do - Hạnh Phúc
G127: Thanh Hóa ngày 03 tháng 06 năm 2025
A128: TỔNG HỢP PHẠT NỘI QUY KHỐI VĂN PHÒNG THÁNG 05/2025
A130: TT | B130: Số QĐ | C130: Ngày | D130: Mã nhân viên | E130: Họ và tên | F130: Nơi làm việc | G130: Nội dung vi phạm | H130: Mức phạt | I130: Mức hạ loại | J130: Mức bồi thường | K130: Điểm trừ | L130: Tổng phạt | M130: Ghi chú
A131: 1 | B131: 3 | C131: 45661 | D131: NV0376 | E131: Lê Bá Long | F131: TBP Hậu cần - P. KHHC&KT | G131: Sau khi triển khai kiểm kê ở các kho đã không kiểm tra, kiểm soát lại thông tin sản phẩm của các kho. Không kiểm soát lại số liệu, thông tin sản phẩm của bảng tổng hợp trước khi chuyển cho Ban kinh doanh dẫn đến việc xuất nhầm ở các kho và trực tiếp xuất hàng sai không theo thông báo số 483/TB -TCT ngày 09 tháng 08 năm 2024 của Tổng công ty | H131: 400000 | L131: =H131+J131 -> 400000 | M131: Trừ từ tháng 12/2024 đến 9/2025 (mỗi tháng 400.000 đồng)
A132: 2 | B132: 4 | C132: 45661 | D132: NV0047 | E132: Bùi Đức Tâm | F132: Thủ kho thành phẩm - P. KHHC&KT | G132: Thực hiện sai chỉ đạo khi kiểm kê, kiểm đếm hàng khoanh vùng tại Kho Phân xưởng 1- Nhà máy 2, có những mã ngày sản xuất không có trong thông báo số 483/TB-TCT, dẫn đến xuất nhầm hàng khoanh vùng không đúng theo thông báo số 483/TB - TCT ngày 09 tháng 08 năm 2024 của Tổng công ty | H132: 200000 | L132: =H132+J132 -> 200000 | M132: Trừ từ tháng 12/2024 đến 9/2025 (mỗi tháng 200.000 đồng)
A133: 3 | B133: 5 | C133: 45661 | D133: NV0007 | E133: Đỗ Thị Phương | F133: Thủ kho thành phẩm - P. KHHC&KT | G133: Thực hiện sai chỉ đạo khi kiểm kê, kiểm đếm hàng khoanh vùng tại Kho Quảng Hưng, có những mã ngày sản xuất không có trong thông báo số 483/TB-TCT, dẫn đến xuất nhầm hàng khoanh vùng không đúng theo thông báo số 483/TB - TCT ngày 09 tháng 08 năm 2024 của Tổng công ty | H133: 200000 | L133: =H133+J133 -> 200000 | M133: Trừ từ tháng 12/2024 đến 9/2025 (mỗi tháng 200.000 đồng)
A134: 4 | B134: 6 | C134: 45661 | D134: NV0693 | E134: Nguyễn Hữu Hải | F134: Thủ kho thành phẩm - P. KHHC&KT | G134: Thực hiện sai chỉ đạo khi kiểm kê, kiểm đếm hàng khoanh vùng tại Kho Cảng 2, có những mã ngày sản xuất không có trong thông báo số 483/TB-TCT, dẫn đến xuất nhầm hàng khoanh vùng không đúng theo thông báo số 483/TB - TCT ngày 09 tháng 08 năm 2024 của Tổng công ty. | H134: =200000*5 -> 1000000 | L134: =H134+J134 -> 1000000 | M134: Trừ từ tháng 12/2024 đến 9/2025 (mỗi tháng 200.000 đồng) đã nghỉ, trừ hết 5 tháng
A135: 4 | B135: 99 | C135: 45706 | D135: NV1871 | E135: Viên Đình Khang | F135: Nhân viên Lái xe nâng - Tổ phục vụ xuất hàng - Ban kinh doanh | G135: Trong quá trình điều khiển xe nâng đẩy gạch lên xe chuyển tải do không cẩn thận tác động làm rơi 1 palet gạch (800x800) mã VC80049ALI2, làm vỡ 28 hộp vào ngày 18/2/2025 | J135: =3600000/3 -> 1200000 | L135: =H135+J135 -> 1200000 | M135: Phạt 3tr600 (trừ T3;T4;T5)
A136: 5 | B136: 369 | C136: 45790 | D136: NV1118 | E136: Vũ Xuân Tuấn | F136: Trợ lý TGĐ - Phụ trách đội xe | G136: Trách nhiệm liên đới trong vụ việc xe đầu kéo BKS : 36H-06825. Vào hồi 7h40' ngày 16/3/2025 lái xe vận chuyển nguyên liệu từ mỏ Lang Chánh về kho nguyên liệu Công ty. Do thiếu kiểm soát trong khi điều khiển phương tiện, để xảy ra mất an toàn, xe bị lật, làm móp méo thùng, hỏng mâm rơ mooc, hỏng cabin, gây thiệt hại cho Công ty | K136: 3
A137: 6 | B137: 368 | C137: 45790 | D137: NV0093 | E137: Lê Quang Trung | F137: Phó TGĐ - Phụ trách ban đầu tư và khai thác | G137: Trách nhiệm liên đới trong vụ việc xe đầu kéo BKS : 36H-06825. Vào hồi 7h40' ngày 16/3/2025 lái xe vận chuyển nguyên liệu từ mỏ Lang Chánh về kho nguyên liệu Công ty. Do thiếu kiểm soát trong khi điều khiển phương tiện, để xảy ra mất an toàn, xe bị lật, làm móp méo thùng, hỏng mâm rơ mooc, hỏng cabin, gây thiệt hại cho Công ty | K137: 2
A138: 7 | B138: 367 | C138: 45790 | D138: NV4890 | E138: Đỗ Xuân Chinh | F138: Lái xe - Ban đầu tư và khai thác | G138: Trách nhiệm trong công tác vận hành phương tiện xe đầu kéo BKS : 36H-06825. Vào hồi 7h40' ngày 16/3/2025 lái xe vận chuyển nguyên liệu từ mỏ Lang Chánh về kho nguyên liệu Công ty. Do thiếu kiểm soát trong khi điều khiển phương tiện, để xảy ra mất an toàn, xe bị lật, làm móp méo thùng, hỏng mâm rơ mooc, hỏng cabin, gây thiệt hại cho Công ty | H138: 1000000 | K138: 16 | L138: =H138+J138 -> 1000000
A139: 8 | B139: 380 | C139: 45793 | D139: NV0157 | E139: Lê Khả Hoàng | F139: Nhóm trưởng - Bộ phận KCS - Ban thanh tra kiểm soát | G139: Trách nhiệm liên đới trong công tác quản lý bộ phận, để nhân viên thiếu kiểm soát khi bộ phận hoàn thiện sản phẩm phân xưởng đóng dấu sai mã số gạch trên palet, nhưng vẫn đóng dấu KCS hoàn thiện để nhập kho | K139: 5
A140: 9 | B140: 379 | C140: 45793 | D140: NV0162 | E140: Nguyễn Thái Sỹ | F140: Tổ trưởng - Bộ phận KCS - Ban thanh tra kiểm soát | G140: Trách nhiệm liên đới trong công tác quản lý bộ phận, để nhân viên thiếu kiểm soát khi bộ phận hoàn thiện sản phẩm phân xưởng đóng dấu sai mã số gạch trên palet, nhưng vẫn đóng dấu KCS hoàn thiện để nhập kho | K140: 3
A141: 10 | B141: 398 | C141: 45800 | D141: NV0716 | E141: Lê Đức Kiệm | F141: Lái máy xúc đào - Ban đầu tư và khai thác | G141: Trong quá trình vận hành máy xúc đào sảm tước mặt đường vào kho xuất hàng ( Bãi đất Quảng Hưng ) đã tự ý sử dụng phương tiện (gầu máy) đập bê trông để tận thu sắt vụn mang bán | K141: 3
A142: 11 | B142: 491 | C142: 45819 | D142: NV0133 | E142: Bùi Sỹ Quang | F142: Quản đốc PXCBNL | G142: Trách nhiệm trong công tác quản lý, điều hành bộ phận, không tuân thủ quy định về ATLĐ,chưa đánh giá đầy đủ các yếu tố rủi ro trong quá trình tập kết nguyên liệu tại kho, đổ và vun nguyên liệu vượt quá chiều cao cho phép,gây áp lực nén làm đổ tường,sập mái kho vòm phân xưởng chế biến nguyên liệu, gây thiệt hại cho công ty vào ngày 05/05/2025 | H142: =5000000/3 -> 1666666.7 | K142: 22 | L142: =H142+J142 -> 1666666.7 | M142: Trừ tháng 05,06,07/2025
L143: =H143+J143 -> 0
A144: Tổng cộng: | H144: =SUM(H131:H143) -> 4466666.7 | J144: =SUM(J131:J143) -> 1200000 | L144: =SUM(L131:L143) -> 5666666.7
A145: Bằng chữ: | E145: =[2]!vnd(L144) -> #NAME?
B147: P TỔ CHỨC | J147: NGƯỜI LẬP
B151: Nguyễn Văn Dương | J151: Lê Thị Diễm
...

Sheet CT
E1: CÔNG TY CỔ PHẦN | G1: CỘNG HÒA XÃ HỘI CHỦ NGHĨA VIỆT NAM
E2: ĐẦU TƯ PHÁT TRIỂN VICENZA | G2: Độc Lập - Tự Do - Hạnh Phúc
H3: Thanh Hóa, ngày 15 tháng 02 năm 2025
A4: TỔNG HỢP PHẠT NỘI QUY KHỐI VĂN PHÒNG THÁNG 01/2025
A5: TT | B5: Số QĐ | C5: Ngày | D5: Mã nhân viên | E5: Họ và tên | F5: Nơi làm việc | G5: Nội dung vi phạm | H5: Mức phạt | I5: Mức hạ loại | J5: Mức bồi thường | L5: Tổng phạt | M5: Ghi chú
A6: 1 | B6: 8 | C6: 45661 | D6: NV0086 | E6: Trần Văn Kỳ | F6: NV Phòng TCHC | G6: Liên đới trách nhiệm trong việc thực hiện chưa đúng quy trình xử lý vi phạm nội quy lao động | H6: 100000 | L6: =H6+J6 -> 100000 | M6: Trừ từ tháng 12/2024 đến 9/2025 (mỗi tháng 100.000 đồng)
A7: Tổng cộng: | H7: =SUM(H6:H6) -> 100000 | J7: =SUM(J6:J6) -> 0 | L7: =SUM(L6:L6) -> 100000
A8: Bằng chữ: | D8: =[1]!vnd(L7) -> #NAME?
B10: P TỔ CHỨC | J10: NGƯỜI LẬP
B14: Nguyễn Văn Dương | J14: Đỗ Thị Thu Hương
E23: CÔNG TY CỔ PHẦN | G23: CỘNG HÒA XÃ HỘI CHỦ NGHĨA VIỆT NAM
E24: ĐẦU TƯ PHÁT TRIỂN VICENZA | G24: Độc Lập - Tự Do - Hạnh Phúc
H25: Thanh Hóa, ngày 15 tháng 03 năm 2025
A26: TỔNG HỢP PHẠT NỘI QUY KHỐI VĂN PHÒNG THÁNG 02/2025
A27: TT | B27: Số QĐ | C27: Ngày | D27: Mã nhân viên | E27: Họ và tên | F27: Nơi làm việc | G27: Nội dung vi phạm | H27: Mức phạt | I27: Mức hạ loại | J27: Mức bồi thường | K27: Điểm trừ | L27: Tổng phạt | M27: Ghi chú
A28: 1 | B28: 8 | C28: 45661 | D28: NV0086 | E28: Trần Văn Kỳ | F28: NV Phòng TCHC | G28: Liên đới trách nhiệm trong việc thực hiện chưa đúng quy trình xử lý vi phạm nội quy lao động | H28: 100000 | L28: =H28+J28 -> 100000 | M28: Trừ từ tháng 12/2024 đến 9/2025 (mỗi tháng 100.000 đồng)
A29: 2 | L29: =H29+J29 -> 0
L30: =H30+J30 -> 0
L31: =H31+J31 -> 0
L32: =H32+J32 -> 0
L33: =H33+J33 -> 0
L34: =H34+J34 -> 0
L35: =H35+J35 -> 0
L36: =H36+J36 -> 0
A37: Tổng cộng: | H37: =SUM(H28:H36) -> 100000 | J37: =SUM(J28:J36) -> 0 | L37: =SUM(L28:L36) -> 100000
A38: Bằng chữ: | D38: =[1]!vnd(L37) -> #NAME?
B40: P TỔ CHỨC | J40: NGƯỜI LẬP
B44: Nguyễn Văn Dương | J44: Đỗ Thị Thu Hương
E49: CÔNG TY CỔ PHẦN | G49: CỘNG HÒA XÃ HỘI CHỦ NGHĨA VIỆT NAM
E50: ĐẦU TƯ PHÁT TRIỂN VICENZA | G50: Độc Lập - Tự Do - Hạnh Phúc
H51: Thanh Hóa, ngày 15 tháng 04 năm 2025
A52: TỔNG HỢP PHẠT NỘI QUY KHỐI VĂN PHÒNG THÁNG 03/2025
A53: TT | B53: Số QĐ | C53: Ngày | D53: Mã nhân viên | E53: Họ và tên | F53: Nơi làm việc | G53: Nội dung vi phạm | H53: Mức phạt | I53: Mức hạ loại | J53: Mức bồi thường | K53: Điểm trừ | L53: Tổng phạt | M53: Ghi chú
A54: 1 | B54: 8 | C54: 45661 | D54: NV0086 | E54: Trần Văn Kỳ | F54: NV Phòng TCHC | G54: Liên đới trách nhiệm trong việc thực hiện chưa đúng quy trình xử lý vi phạm nội quy lao động | H54: 100000 | L54: =H54+J54 -> 100000 | M54: Trừ từ tháng 12/2024 đến 9/2025 (mỗi tháng 100.000 đồng)
A55: 2 | B55: 97 | C55: 45706 | D55: NV2579 | E55: Lê Văn Chính | F55: Nhân viên Bảo vệ | G55: Chấp hành không nghiêm nội quy lao động (Ngủ trong giờ làm việc) | H55: 500000 | K55: 15 | L55: =H55+J55 -> 500000
A56: 3 | B56: 179 | C56: 45721 | D56: NV0386 | E56: Lê Đình Tuấn | F56: Nhân viên Bảo vệ | G56: Chấp hành không nghiêm nội quy lao động (Trực cổng không đúng vị trí, lợi dụng thời gian nghỉ trưa nằm nghỉ tại phòng thủ kho cổng ốp). | K56: 5 | L56: =H56+J56 -> 0
A57: Tổng cộng: | H57: =SUM(H54:H56) -> 600000 | J57: =SUM(J54:J56) -> 0 | L57: =SUM(L54:L56) -> 600000
A58: Bằng chữ: | D58: Sáu trăm nghìn đồng.
B60: P TỔ CHỨC | J60: NGƯỜI LẬP
B64: Nguyễn Văn Dương | J64: Lê Thị Diễm
E71: CÔNG TY CỔ PHẦN | G71: CỘNG HÒA XÃ HỘI CHỦ NGHĨA VIỆT NAM
E72: ĐẦU TƯ PHÁT TRIỂN VICENZA | G72: Độc Lập - Tự Do - Hạnh Phúc
H73: Thanh Hóa, ngày 15 tháng 05 năm 2025
A74: TỔNG HỢP PHẠT NỘI QUY KHỐI VĂN PHÒNG THÁNG 04/2025
A75: TT | B75: Số QĐ | C75: Ngày | D75: Mã nhân viên | E75: Họ và tên | F75: Nơi làm việc | G75: Nội dung vi phạm | H75: Mức phạt | I75: Mức hạ loại | J75: Mức bồi thường | K75: Điểm trừ | L75: Tổng phạt | M75: Ghi chú
A76: 1 | B76: 8 | C76: 45661 | D76: NV0086 | E76: Trần Văn Kỳ | F76: NV Phòng TCHC | G76: Liên đới trách nhiệm trong việc thực hiện chưa đúng quy trình xử lý vi phạm nội quy lao động | H76: 100000 | L76: =H76+J76 -> 100000 | M76: Trừ từ tháng 12/2024 đến 9/2025 (mỗi tháng 100.000 đồng)
A77: 2 | B77: 327 | C77: 45770 | D77: NV0005 | E77: Nguyễn Văn Dương | F77: Trưởng phòng TCHC | G77: Chậm trễ trong công việc điều chỉnh cơ chế lương của bộ phận mua hàng khi điều động xuống bộ phận khác nhưng không kịp thời điều chỉnh mức lương,dẫn đến vẫn để mức lương cũ tạm tính trong bảng lương (tháng 02/2025) | K77: 2 | L77: =H77+J77 -> 0
A78: 3 | B78: 303 | C78: 45762 | D78: NV2352 | E78: Nguyễn Thị Hà | F78: Ban kinh doanh | G78: Vi phạm nội quy lao động, trong giờ hành chính đặt đồ uống ( nước dừa ) và sử dụng trong giờ làm việc, gây phản cảm, ảnh hưởng tiến độ và chất lượng công việc | K78: 3 | L78: =H78+J78 -> 0
A79: 4 | B79: 304 | C79: 45762 | D79: NV0861 | E79: Lê Hữu Mạnh | F79: Ban kinh doanh | G79: Vi phạm nội quy lao động, trong giờ hành chính đặt đồ uống ( nước dừa ) và sử dụng trong giờ làm việc, gây phản cảm, ảnh hưởng tiến độ và chất lượng công việc | K79: 3 | L79: =H79+J79 -> 0
L80: =H80+J80 -> 0
L81: =H81+J81 -> 0
L82: =H82+J82 -> 0
L83: =H83+J83 -> 0
L84: =H84+J84 -> 0
A85: Tổng cộng: | H85: =SUM(H76:H84) -> 100000 | J85: =SUM(J76:J84) -> 0 | L85: =SUM(L76:L84) -> 100000
A86: Bằng chữ: | D86: =[2]!vnd(L85) -> #NAME?
B88: P TỔ CHỨC | J88: NGƯỜI LẬP
B92: Nguyễn Văn Dương | J92: Lê Thị Diễm
E97: CÔNG TY CỔ PHẦN | G97: CỘNG HÒA XÃ HỘI CHỦ NGHĨA VIỆT NAM
E98: ĐẦU TƯ PHÁT TRIỂN VICENZA | G98: Độc Lập - Tự Do - Hạnh Phúc
H99: Thanh Hóa, ngày 03 tháng 06 năm 2025
A100: TỔNG HỢP PHẠT NỘI QUY KHỐI VĂN PHÒNG THÁNG 05/2025
A101: TT | B101: Số QĐ | C101: Ngày | D101: Mã nhân viên | E101: Họ và tên | F101: Nơi làm việc | G101: Nội dung vi phạm | H101: Mức phạt | I101: Mức hạ loại | J101: Mức bồi thường | K101: Điểm trừ | L101: Tổng phạt | M101: Ghi chú
A102: 1 | B102: 8 | C102: 45661 | D102: NV0086 | E102: Trần Văn Kỳ | F102: NV Phòng TCHC | G102: Liên đới trách nhiệm trong việc thực hiện chưa đúng quy trình xử lý vi phạm nội quy lao động | H102: 100000 | L102: =H102+J102 -> 100000 | M102: Trừ từ tháng 12/2024 đến 9/2025 (mỗi tháng 100.000 đồng)
A103: 2 | B103: 372 | C103: 45791 | D103: NV0161 | E103: Lê Xuân Cảnh | F103: Bộ phận KCS - Ban thanh tra kiểm soát | G103: Không tuân thủ quy định về VSATLĐ&PCCN, sử dụng ấm điện đun nước trong phân xưởng, gây chập cháy, nguy cơ mất an toàn vào ngày 27/4/2025 | H103: 500000 | K103: 11 | L103: =H103+J103 -> 500000
A104: 3 | B104: 382 | C104: 45793 | D104: NV1435 | E104: Nguyễn Đình Toàn | F104: Bộ phận KCS - Ban thanh tra kiểm soát | G104: Thiếu kiểm soát khi bộ phận hoàn thiện sản phẩm Phân xưởng đóng dấu sai mã số gạch trên palet nhưng vẫn đóng dấu KCS hoàn thiện để nhập kho | H104: 500000 | K104: 23 | L104: =H104+J104 -> 500000
A105: 4 | B105: 427 | C105: 45808 | D105: NV3214 | E105: Nguyễn Mạnh Uyên | F105: Trưởng bộ phận kế hoạch SX - BKD | G105: Chậm trễ trong công tác báo cáo vụ việc tại DC5 , PXSX2 trường hợp nhân viên test mẫu đã nhầm đơn hàng cũ, dẫn đến sản xuất mẫu MTC66051 dư 1500 hộp vào ngày 10/5/2025 khi chưa có đơn hàng của BKD | K105: 5 | L105: =H105+J105 -> 0
L106: =H106+J106 -> 0
L107: =H107+J107 -> 0
L108: =H108+J108 -> 0
L109: =H109+J109 -> 0
L110: =H110+J110 -> 0
A111: Tổng cộng: | H111: =SUM(H102:H110) -> 1100000 | J111: =SUM(J102:J110) -> 0 | L111: =SUM(L102:L110) -> 1100000
A112: Bằng chữ: | D112: =[2]!vnd(L111) -> #NAME?
B114: P TỔ CHỨC | J114: NGƯỜI LẬP
B118: Nguyễn Văn Dương | J118: Lê Thị Diễm
E123: CÔNG TY CỔ PHẦN | G123: CỘNG HÒA XÃ HỘI CHỦ NGHĨA VIỆT NAM
E124: ĐẦU TƯ PHÁT TRIỂN VICENZA | G124: Độc Lập - Tự Do - Hạnh Phúc
H125: Thanh Hóa, ngày 02 tháng 07 năm 2025
A126: TỔNG HỢP PHẠT NỘI QUY KHỐI VĂN PHÒNG THÁNG 06/2025
A127: TT | B127: Số QĐ | C127: Ngày | D127: Mã nhân viên | E127: Họ và tên | F127: Nơi làm việc | G127: Nội dung vi phạm | H127: Mức phạt | I127: Mức hạ loại | J127: Mức bồi thường | K127: Điểm trừ | L127: Tổng phạt | M127: Ghi chú
A128: 1 | B128: 8 | C128: 45661 | D128: NV0086 | E128: Trần Văn Kỳ | F128: NV Phòng TCHC | G128: Liên đới trách nhiệm trong việc thực hiện chưa đúng quy trình xử lý vi phạm nội quy lao động | H128: 100000 | L128: =H128+J128 -> 100000 | M128: Trừ từ tháng 12/2024 đến 9/2025 (mỗi tháng 100.000 đồng)
A129: 2 | B129: 433 | C129: 45810 | D129: NV2434 | E129: Nguyễn Đăng Thiên | F129: Nhân viên thiết kế - Ban kinh doanh | G129: Thiếu kiểm soát trong quá trình thiết kế vỏ hộp 400x800 Granicer dẫn đến thông số ghi trên vỏ hộp sai so với thực tế đóng tại phân xưởng sản xuất (Vỏ hộp ghi 6v/hộp, thực tế đóng 5v/hộp) số lượng đặt nhà cung cấp đã in và nhập kho đưa vào sản xuất là 60.000 cái vào ngày 14/05/2025 | H129: 500000 | K129: 11 | L129: =H129+J129 -> 500000
A130: 3 | B130: 508 | C130: 45824 | D130: NV5273 | E130: Lê Bá Cần | F130: Lái xe- Ban đầu tư và khai thác | G130: Trong quá trình điều khiển phương tiện xe đầu kéo BKS: 36H-06891 vận chuyển nguyên liệu từ mỏ Lang Chánh về Nhà máy, do kiểm soát công việc chưa tốt, để xảy ra sự cố mất an toàn vào ngày 06/06/2025 | K130: 6 | L130: =H130+J130 -> 0
A131: 4 | B131: 550 | C131: 45838 | D131: NV5534 | E131: Lê Văn Tuấn Anh | F131: Nhân viên lái xe nâng - Tổ phục vụ xuất hàng | G131: Thiếu kiểm soát trong quá trình nâng hàng xuất bán cho NPP, khi Palet bị mục,hỏng nhưng vẫn vận chuyển hàng ra vị trí xuất bán, để xảy ra hiện tượng sập Palet làm vỡ gạch,gây thiệt hại cho công ty vào ngày 22/06/2025 | K131: 15 | L131: =H131+J131 -> 0
A132: 5 | B132: 559 | C132: 45838 | D132: NV0086 | E132: Trần Văn Kỳ | F132: Nhân viên - Phòng tổ chức hành chính | G132: Trách nhiệm liên đới trong công tác quản lý, để nhân viên lái xe oto con sử dụng phương tiện của công ty phục vụ không đúng mục đích | K132: 5 | L132: =H132+J132 -> 0
L133: =H133+J133 -> 0
L134: =H134+J134 -> 0
L135: =H135+J135 -> 0
L136: =H136+J136 -> 0
A137: Tổng cộng: | H137: =SUM(H128:H136) -> 600000 | J137: =SUM(J128:J136) -> 0 | K137: =SUM(K128:K136) -> 37 | L137: =SUM(L128:L136) -> 600000
A138: Bằng chữ: | D138: =[2]!vnd(L137) -> #NAME?
B140: P TỔ CHỨC | J140: NGƯỜI LẬP
B144: Nguyễn Văn Dương | J144: Lê Thị Diễm
E148: CÔNG TY CỔ PHẦN | G148: CỘNG HÒA XÃ HỘI CHỦ NGHĨA VIỆT NAM
E149: ĐẦU TƯ PHÁT TRIỂN VICENZA | G149: Độc Lập - Tự Do - Hạnh Phúc
H150: Thanh Hóa, ngày 07 tháng 08 năm 2025
A151: TỔNG HỢP PHẠT NỘI QUY KHỐI VĂN PHÒNG THÁNG 07/2025
A152: TT | B152: Số QĐ | C152: Ngày | D152: Mã nhân viên | E152: Họ và tên | F152: Nơi làm việc | G152: Nội dung vi phạm | H152: Mức phạt | I152: Mức hạ loại | J152: Mức bồi thường | K152: Điểm trừ | L152: Tổng phạt | M152: Ghi chú
A153: 1 | B153: 8 | C153: 45661 | D153: NV0086 | E153: Trần Văn Kỳ | F153: NV Phòng TCHC | G153: Liên đới trách nhiệm trong việc thực hiện chưa đúng quy trình xử lý vi phạm nội quy lao động | H153: 100000 | L153: =H153+J153 -> 100000 | M153: Trừ từ tháng 12/2024 đến 9/2025 (mỗi tháng 100.000 đồng)
...

Sheet PXSX1
E1: CÔNG TY CỔ PHẦN | G1: CỘNG HÒA XÃ HỘI CHỦ NGHĨA VIỆT NAM
E2: ĐẦU TƯ PHÁT TRIỂN VICENZA | G2: Độc Lập - Tự Do - Hạnh Phúc
H3: Thanh Hóa, ngày 15 tháng 02 năm 2025
A4: TỔNG HỢP PHẠT NỘI QUY NHÀ MÁY 1 THÁNG 01/2025
A5: TT | B5: Số QĐ | C5: Ngày | D5: Mã nhân viên | E5: Họ và tên | F5: Nơi làm việc | G5: Nội dung vi phạm | H5: Mức phạt | I5: Mức hạ loại | J5: Mức bồi thường | L5: Tổng phạt | M5: Ghi chú
A6: 1 | L6: =H6+J6 -> 0
A7: 2 | L7: =H7+J7 -> 0
A8: 3 | L8: =H8+J8 -> 0
A9: 4 | L9: =H9+J9 -> 0
A10: 5 | L10: =H10+J10 -> 0
A11: 6 | L11: =H11+J11 -> 0
A12: 7 | L12: =H12+J12 -> 0
A13: 8 | L13: =H13+J13 -> 0
A14: 9 | L14: =H14+J14 -> 0
A15: 10 | L15: =H15+J15 -> 0
A16: 11 | L16: =H16+J16 -> 0
A17: 12 | L17: =H17+J17 -> 0 | N17: =SUM(H14:H17) -> 0
A18: Tổng cộng: | H18: =SUM(H6:H17) -> 0 | J18: =SUM(J6:J17) -> 0 | L18: =SUM(L6:L17) -> 0
A19: Bằng chữ: | D19: =[1]!vnd(L18) -> #NAME?
B21: P TỔ CHỨC | J21: NGƯỜI LẬP
B25: Nguyễn Văn Dương | J25: Đỗ Thị Thu Hương
E30: CÔNG TY CỔ PHẦN | G30: CỘNG HÒA XÃ HỘI CHỦ NGHĨA VIỆT NAM
E31: ĐẦU TƯ PHÁT TRIỂN VICENZA | G31: Độc Lập - Tự Do - Hạnh Phúc
H32: Thanh Hóa, ngày 15 tháng 03 năm 2025
A33: TỔNG HỢP PHẠT NỘI QUY PXSX 1 THÁNG 02/2025
A34: TT | B34: Số QĐ | C34: Ngày | D34: Mã nhân viên | E34: Họ và tên | F34: Nơi làm việc | G34: Nội dung vi phạm | H34: Mức phạt | I34: Mức hạ loại | J34: Mức bồi thường | K34: Điểm trừ | L34: Tổng phạt | M34: Ghi chú
A35: 1 | L35: =H35+J35 -> 0
A36: 2 | L36: =H36+J36 -> 0
A37: 3 | L37: =H37+J37 -> 0
A38: 4 | L38: =H38+J38 -> 0
A39: 5 | L39: =H39+J39 -> 0
A40: 6 | L40: =H40+J40 -> 0
A41: 7 | L41: =H41+J41 -> 0
A42: 8 | L42: =H42+J42 -> 0
A43: 9 | L43: =H43+J43 -> 0
A44: 10 | L44: =H44+J44 -> 0
A45: 11 | L45: =H45+J45 -> 0
A46: 12 | L46: =H46+J46 -> 0 | N46: =SUM(H43:H46) -> 0
A47: Tổng cộng: | H47: =SUM(H35:H46) -> 0 | J47: =SUM(J35:J46) -> 0 | L47: =SUM(L35:L46) -> 0
A48: Bằng chữ: | D48: =[2]!vnd(L47) -> #NAME?
B50: P TỔ CHỨC | J50: NGƯỜI LẬP
B54: Nguyễn Văn Dương | J54: Đỗ Thị Thu Hương
E59: CÔNG TY CỔ PHẦN | G59: CỘNG HÒA XÃ HỘI CHỦ NGHĨA VIỆT NAM
E60: ĐẦU TƯ PHÁT TRIỂN VICENZA | G60: Độc Lập - Tự Do - Hạnh Phúc
H61: Thanh Hóa, ngày 15 tháng 04 năm 2025
A62: TỔNG HỢP PHẠT NỘI QUY PXSX 1 THÁNG 03/2025
A63: TT | B63: Số QĐ | C63: Ngày | D63: Mã nhân viên | E63: Họ và tên | F63: Nơi làm việc | G63: Nội dung vi phạm | H63: Mức phạt | I63: Mức hạ loại | J63: Mức bồi thường | K63: Điểm trừ | L63: Tổng phạt | M63: Ghi chú
A64: 1 | B64: 107 | C64: 45708 | D64: NV4640 | E64: Nguyễn Duy Dương | F64: CN Dây chuyền - BP nhiên liệu và gia công bán thành phẩm | G64: Vào hồi 17h ngày 22/01/2025 tại vị trí (cổng 3) phân xưởng 1; Tổ bảo vệ kiểm tra hành lý trước khi công nhân giao ca ra về, phát hiện Ông Dương lấy 1 bó dây rút điện (70 cái) thuộc vật tư của cty nhưng mang ra ngoài sử dụng vào mục đích cá nhân | H64: 1000000 | K64: 20 | L64: =H64+J64 -> 1000000
A65: 2 | B65: 203 | C65: 45728 | E65: Tập thể phòng Kỹ thuật PXSX1 | G65: Trách nhiệm liên đới trong vụ việc xe nâng dọn kho men đưa vào phân xưởng, nhưng tại khu vực bố trí gần sát với thủ điện, hệ thống dây nguồn cung cấp cho máy in kỹ thuật số không được bố trí gọn gàng dẫn đến sự cố xe nâng làm chập cháy, gây mất an toàn, gián đoạn quá trình sản xuất của phân xưởng | L65: =H65+J65 -> 0 | M65: Khiển trách
A66: 3 | B66: 239 | C66: 45742 | E66: Tập thể tổ lái máy xúc lật PXSX1 | G66: Thiếu trách nhiệm trong công tác quản lý và vận hành máy xúc lật số 6 tại PXSX1. Dẫn đến tình trạng thiếu dầu thủy lực, máy làm việc yếu.Khi đưa máy về đội sửa chữa, kiểm tra và phải bổ sung thêm 64 lít dầu | H66: 800000 | K66: Mỗi lái máy 5đ | L66: =H66+J66 -> 800000 | M66: Danh sách kèm theo
A67: 4 | B67: 238 | C67: 45742 | D67: NV0756 | E67: Hoàng Huy Tuấn | F67: Nhóm trưởng hậu cần nội vụ , PXSX1 | G67: Trách nhiệm liên đới trong công tác quản lý, để công nhân vận hành máy xúc lật không thường xuyên kiểm tra tình trạng kỹ thuật của máy, dẫn đến thiếu dầu thùy lực, ảnh hưởng đến hiệu suất làm việc của phương tiện. | K67: 5 | L67: =H67+J67 -> 0
A68: Tổng cộng: | H68: =SUM(H64:H67) -> 1800000 | J68: =SUM(J64:J67) -> 0 | L68: =SUM(L64:L67) -> 1800000
A69: Bằng chữ: | D69: =[2]!vnd(L68) -> #NAME?
B71: P TỔ CHỨC | J71: NGƯỜI LẬP
B75: Nguyễn Văn Dương | J75: Lê Thị Diễm
E79: CÔNG TY CỔ PHẦN | G79: CỘNG HÒA XÃ HỘI CHỦ NGHĨA VIỆT NAM
E80: ĐẦU TƯ PHÁT TRIỂN VICENZA | G80: Độc Lập - Tự Do - Hạnh Phúc
H81: Thanh Hóa, ngày 15 tháng 05 năm 2025
A82: TỔNG HỢP PHẠT NỘI QUY PXSX 1 THÁNG 04/2025
A83: TT | B83: Số QĐ | C83: Ngày | D83: Mã nhân viên | E83: Họ và tên | F83: Nơi làm việc | G83: Nội dung vi phạm | H83: Mức phạt | I83: Mức hạ loại | J83: Mức bồi thường | K83: Điểm trừ | L83: Tổng phạt | M83: Ghi chú
A84: 1 | B84: 328 | C84: 45770 | D84: NV0058 | E84: Lê Tuấn Anh | F84: Phó phòng sản xuất - PXSX1 | G84: Kiểm soát chi phí chưa chặt chẽ dẫn đến chi phí trong sản xuất tháng 3 tăng cao | K84: 5 | L84: =H84+J84 -> 0
A85: 3 | B85: 326 | C85: 45770 | D85: NV0450 | E85: Hoàng Minh Hà | F85: Phó giám đốc PXSX1 | G85: Kiểm soát chi phí chưa chặt chẽ dẫn đến chi phí trong sản xuất tháng 3 tăng cao | K85: 5 | L85: =CT!H77+CT!J77 -> 0
A86: 4 | B86: 325 | C86: 45770 | D86: NV0765 | E86: Nguyễn Văn Thanh | F86: Trưởng phòng sản xuất PXSX1 | G86: Kiểm soát chi phí chưa chặt chẽ dẫn đến chi phí trong sản xuất tháng 3 tăng cao | K86: 5 | L86: =H86+J86 -> 0
A87: 5 | B87: 324 | C87: 45770 | D87: NV0771 | E87: Lê Khắc Bình | F87: Giám đốc PXSX1 | G87: Kiểm soát chi phí chưa chặt chẽ dẫn đến chi phí trong sản xuất tháng 3 tăng cao | K87: 5 | L87: =H87+J87 -> 0
A88: 6 | B88: 320 | C88: 45766 | D88: NV0207 | E88: Nguyễn Phú Thêm | F88: Tổ trưởng lò nung PXSX1 | G88: Trong ca sản xuất 3B ngày 18/04/2025, khi lò nung xảy ra hiện tượng thưa lò, nhưng không thông báo cho bộ phận KCS để kiểm soát,dẫn đến gạch xương thâm, xương đen vào mài đóng hộp A1 | K88: 10 | L88: =H88+J88 -> 0
A89: 7 | B89: 319 | C89: 45765 | D89: NV0223 | E89: Trần Văn Hùng | F89: Phó bộ phận -Phụ trách đóng hộp PXSX1 | G89: Điều khiển phương tiện xe nâng số 05, để nâng gạch phế về kho nguyên liệu,trong thời gian hai công nhân lọc phế trong palet để cho vào thùng phế nhưng vẫn để xe nổ máy,gây lãng phí nhiên liệu của Công ty | H89: 200000 | K89: 10 | L89: =H89+J89 -> 200000
A90: 8 | B90: 292 | C90: 45758 | D90: NV0264 | E90: Vương Huy Trường | F90: Tổ trưởng ca B Bộ phận đóng hộp PXSX1 | G90: Trách nhiệm trong công tác quản lý, thiếu kiểm tra,kiểm soát trong quá trình đóng gạch cắt lô.Xếp chung gạch cắt lô loại 2 với gạch cắt lô loại 1 trong 1 palet ngày 18/03/2025, dẫn đến gạch bán ra thị trường bị khiếu nại | H90: 500000 | K90: 10 | L90: =H90+J90 -> 500000
A91: 9 | B91: 293 | C91: 45758 | D91: NV0269 | E91: Đoàn Ngọc Thanh | F91: Tổ trưởng ca A Bộ phận đóng hộp PXSX1 | G91: Trách nhiệm trong công tác quản lý, thiếu kiểm tra,kiểm soát trong quá trình đóng gạch cắt lô.Xếp chung gạch cắt lô loại 2 với gạch cắt lô loại 1 trong 1 palet ngày 18/03/2025, dẫn đến gạch bán ra thị trường bị khiếu nại | H91: 500000 | K91: 10 | L91: =H91+J91 -> 500000
A92: 10 | B92: 294 | C92: 45758 | D92: NV5326 | E92: Nguyễn Thị Phương | F92: Công nhân bốc lai DC1 PXSX1 | G92: Thiếu kiểm soát trong việc bốc lai A2 vào ngày 23/3/2025 khi đang sản xuất mẫu PN362141-I1.Để gạch sứt góc hạ loại A3 (1 viên) và sứt, U hạ loại A2 (5 viên) lọt xuống vào đóng bao A1 | K92: 12 | L92: =H92+J92 -> 0
A93: 11 | B93: 295 | C93: 45758 | D93: NV0223 | E93: Trần Văn Hùng | F93: Phó bộ phận -Phụ trách đóng hộp PXSX1 | G93: Trách nhiệm trong công tác quản lý, điều hành để 5 hộp gạch mã KAG 36902 sản xuất ca 2C ngày 8/4/2025 bị rách vỏ hộp, nhưng không thay vẫn để ra vị trí nhập kho | K93: 5 | L93: =H93+J93 -> 0
L94: =H94+J94 -> 0
L95: =H95+J95 -> 0
L96: =H96+J96 -> 0
A97: Tổng cộng: | H97: =SUM(H84:H96) -> 1200000 | J97: =SUM(J84:J96) -> 0 | L97: =SUM(L84:L96) -> 1200000
A98: Bằng chữ: | D98: =[2]!vnd(L97) -> #NAME?
B100: P TỔ CHỨC | J100: NGƯỜI LẬP
B104: Nguyễn Văn Dương | J104: Lê Thị Diễm
E107: CÔNG TY CỔ PHẦN | G107: CỘNG HÒA XÃ HỘI CHỦ NGHĨA VIỆT NAM
E108: ĐẦU TƯ PHÁT TRIỂN VICENZA | G108: Độc Lập - Tự Do - Hạnh Phúc
H109: Thanh Hóa, ngày 03 tháng 06 năm 2025
A110: TỔNG HỢP PHẠT NỘI QUY PXSX 1 THÁNG 05/2025
A111: TT | B111: Số QĐ | C111: Ngày | D111: Mã nhân viên | E111: Họ và tên | F111: Nơi làm việc | G111: Nội dung vi phạm | H111: Mức phạt | I111: Mức hạ loại | J111: Mức bồi thường | K111: Điểm trừ | L111: Tổng phạt | M111: Ghi chú
A112: 1 | B112: 383 | C112: 45793 | D112: NV0275 | E112: Phan Văn Thắng | F112: Phó bộ phận nhiên liệu và gia công bán thành phẩm | G112: Kiểm soát công việc chưa tốt, để lái xe xúc lật xúc nhầm gạch phế hủy chưa qua bàn cân ( T5/2025 ) , dùng vào việc san lấp nền kho nguyên liệu đang xây dựng ( mặc dù Ban đầu tư đã có đề xuất xin ý kiến lãnh đạo công ty v/v sử dụng gạch phế hủy tồn của năm 2024 ) | H112: 200000 | K112: 6 | L112: =H112+J112 -> 200000
A113: 3 | B113: 381 | C113: 45793 | D113: NV0132 | E113: Lê Thị Bình | F113: Bộ phận nung và hoàn thiện sản phẩm PXSX1 | G113: Kiểm soát công việc chưa tốt, trong ca sản xuất 2C ngày 13/5/2025 đóng nhầm mã gạch từ MTC88041-K1 thành MTC88034 | H113: 500000 | K113: 19 | L113: =H113+J113 -> 500000
A114: 4 | B114: 384 | C114: 45793 | D114: NV2737 | E114: Phạm Văn Thùy | F114: Nhân viên test mẫu - Bộ phận công nghệ PXSX1 | G114: Kiểm soát công việc chưa tốt, trong quá trình test mẫu đã sử dụng nhầm file sản xuất KH4870V cũ, trong khi đã có file mới do bộ phận thiết kế Ban kinh doanh chuyển xuống đã chỉnh sửa (bỏ viền trên) dẫn đến sai phạm khi đưa vào sản xuất (sản lượng 1.538m2) vào ngày 9/5/2025 | H114: 1000000 | K114: 14 | L114: =H114+J114 -> 1000000
A115: 5 | B115: 413 | C115: 45806 | D115: NV2660 | E115: Nguyễn Trường Giang | F115: Vận hành máy in KTS PXSX1 | G115: Vào ca sản xuất 1B ngày 4/5/2025 trong quá trình sản xuất mẫu 80465 , do thiếu kiểm soát để sọc mầu máy in, gạch ra lò hạ loại A3 số lượng 286 m2 | H115: 300000 | K115: 3 | L115: =H115+J115 -> 300000
A116: 6 | B116: 414 | C116: 45806 | D116: NV2764 | E116: Cao Văn Nhân | F116: NV kiểm soát công nghệ PXSX1 | G116: Kiểm soát công việc chưa tốt để độ ẩm của bột tại xilo vượt quá tiêu chuẩn cho phép, dẫn đến tình trạng U bẩn, phân lớp, khi ép gạch 800x800 trong thời gian kéo dài | H116: 200000 | K116: 2 | L116: =H116+J116 -> 200000
A117: 7 | B117: 415 | C117: 45806 | D117: NV0425 | E117: Mai Cát Vượng | F117: NV kiểm soát công nghệ PXSX1 | G117: Kiểm soát công việc chưa tốt để độ ẩm của bột tại xilo vượt quá tiêu chuẩn cho phép, dẫn đến tình trạng U bẩn, phân lớp, khi ép gạch 800x800 trong thời gian kéo dài | H117: 200000 | K117: 2 | L117: =H117+J117 -> 200000
A118: 8 | B118: 416 | C118: 45806 | D118: NV0068 | E118: Lê Duy Nam | F118: NV kiểm soát công nghệ PXSX1 | G118: Kiểm soát công việc chưa tốt để độ ẩm của bột tại xilo vượt quá tiêu chuẩn cho phép, dẫn đến tình trạng U bẩn, phân lớp, khi ép gạch 800x800 trong thời gian kéo dài | H118: 200000 | K118: 2 | L118: =H118+J118 -> 200000
A119: 9 | B119: 417 | C119: 45806 | D119: NV1108 | E119: Mai Trọng Ninh | F119: Công nhận vận hành sấy phun PXSX1 | G119: Kiểm soát công việc chưa tốt để độ ẩm của bột tại xilo vượt quá tiêu chuẩn cho phép, dẫn đến tình trạng U bẩn, phân lớp, khi ép gạch 800x800 trong thời gian kéo dài | H119: 300000 | K119: 3 | L119: =H119+J119 -> 300000
A120: 10 | B120: 418 | C120: 45806 | D120: NV1697 | E120: Đỗ Ngọc Vui | F120: Công nhận vận hành sấy phun PXSX1 | G120: Kiểm soát công việc chưa tốt để độ ẩm của bột tại xilo vượt quá tiêu chuẩn cho phép, dẫn đến tình trạng U bẩn, phân lớp, khi ép gạch 800x800 trong thời gian kéo dài | H120: 300000 | K120: 3 | L120: =H120+J120 -> 300000
A121: 11 | B121: 419 | C121: 45806 | D121: NV0286 | E121: Nguyễn Trọng Luật | F121: Tổ trưởng sấy phun PXSX1 | G121: Kiểm soát công việc chưa tốt để độ ẩm của bột tại xilo vượt quá tiêu chuẩn cho phép, dẫn đến tình trạng U bẩn, phân lớp, khi ép gạch 800x800 trong thời gian kéo dài | H121: 200000 | K121: 2 | L121: =H121+J121 -> 200000
A122: 12 | B122: 420 | C122: 45806 | D122: NV0293 | E122: Trịnh Xuân Mong | F122: Tổ trưởng sấy phun PXSX1 | G122: Kiểm soát công việc chưa tốt để độ ẩm của bột tại xilo vượt quá tiêu chuẩn cho phép, dẫn đến tình trạng U bẩn, phân lớp, khi ép gạch 800x800 trong thời gian kéo dài | H122: 200000 | K122: 2 | L122: =H122+J122 -> 200000
A123: 13 | B123: 421 | C123: 45806 | D123: NV0574 | E123: Nguyễn Hoàng Dũng | F123: Phó bộ phận dây chuyền PXSX1 | G123: Trách nhiệm liên đới trong công tác quản lý để độ ẩm của bột tại xilo vượt quá tiêu chuẩn cho phép, dẫn đến tình trạng U bẩn, phân lớp, khi ép gạch 800x800 trong thời gian kéo dài | K123: 2 | L123: =H123+J123 -> 0
A124: 14 | B124: 422 | C124: 45806 | D124: NV0195 | E124: Trương Văn Thắng | F124: Phó bộ phận dây chuyền PXSX1 | G124: Trách nhiệm liên đới trong công tác quản lý để độ ẩm của bột tại xilo vượt quá tiêu chuẩn cho phép, dẫn đến tình trạng U bẩn, phân lớp, khi ép gạch 800x800 trong thời gian kéo dài | K124: 2 | L124: =H124+J124 -> 0
A125: 15 | B125: 423 | C125: 45806 | D125: NV0275 | E125: Phan Văn Thắng | F125: Phó bộ phận sấy phun PXSX1 | G125: Trách nhiệm liên đới trong công tác quản lý để độ ẩm của bột tại xilo vượt quá tiêu chuẩn cho phép, dẫn đến tình trạng U bẩn, phân lớp, khi ép gạch 800x800 trong thời gian kéo dài | K125: 2 | L125: =H125+J125 -> 0
A126: 16 | B126: 425 | C126: 45808 | D126: NV0131 | E126: Nguyễn Viết Thanh | F126: Lái xe xúc lật PXSX | G126: Thiếu kiểm soát trong quá trình cân đơn hồ xương BS15, số đơn 74 DC1 , mã nguyên liệu sét CL3 đã cân sai khối lượng theo đơn | H126: 300000 | K126: 3 | L126: =H126+J126 -> 300000
A127: 17 | B127: 426 | C127: 45808 | D127: NV2085 | E127: Bùi Khắc Toàn | F127: Giám sát cân định lượng PXSX | G127: Thiếu kiểm soát trong quá trình cân đơn hồ xương BS15, số đơn 74 DC1 , mã nguyên liệu sét CL3 đã cân sai khối lượng theo đơn | H127: 200000 | K127: 2 | L127: =H127+J127 -> 200000
L128: =H128+J128 -> 0
L129: =H129+J129 -> 0
...

Sheet PXSX2
A1: TỔNG CÔNG TY ĐẦU TƯ | G1: CỘNG HÒA XÃ HỘI CHỦ NGHĨA VIỆT NAM
A2: PHÁT TRIỂN ĐÔ THỊ - CTCP | G2: Độc Lập - Tự Do - Hạnh Phúc
G3: Thanh Hóa ngày 15 tháng 02 năm 2025
A4: TỔNG HỢP PHẠT NỘI QUY NHÀ MÁY 2 THÁNG 01/2025
A5: TT | B5: Số QĐ | C5: Ngày | D5: Mã nhân viên | E5: Họ và tên | F5: Nơi làm việc | G5: Nội dung vi phạm | H5: Mức phạt | I5: Mức hạ loại | J5: Mức bồi thường | L5: Tổng phạt | M5: Ghi chú
A6: 1 | L6: =H6+J6 -> 0
A7: 2 | L7: =H7+J7 -> 0
A8: 3 | L8: =H8+J8 -> 0
A9: 4 | L9: =H9+J9 -> 0
A10: 5 | L10: =H10+J10 -> 0
A11: 6 | L11: =H11+J11 -> 0
A12: 7 | L12: =H12+J12 -> 0
A13: 8 | L13: =H13+J13 -> 0
A14: Tổng cộng: | H14: =SUM(H6:H13) -> 0 | J14: =SUM(J6:J13) -> 0 | L14: =SUM(L6:L13) -> 0
A15: Bằng chữ: | E15: =[2]!vnd(L14) -> #NAME?
B17: P TỔ CHỨC | J17: NGƯỜI LẬP
B21: Nguyễn Văn Dương | J21: Đỗ Thị Thu Hương
A29: TỔNG CÔNG TY ĐẦU TƯ | G29: CỘNG HÒA XÃ HỘI CHỦ NGHĨA VIỆT NAM
A30: PHÁT TRIỂN ĐÔ THỊ - CTCP | G30: Độc Lập - Tự Do - Hạnh Phúc
G31: Thanh Hóa ngày 15 tháng 03 năm 2025
A32: TỔNG HỢP PHẠT NỘI QUY PXSX2 THÁNG 02/2025
A33: TT | B33: Số QĐ | C33: Ngày | D33: Mã nhân viên | E33: Họ và tên | F33: Nơi làm việc | G33: Nội dung vi phạm | H33: Mức phạt | I33: Mức hạ loại | J33: Mức bồi thường | K33: Điểm trừ | L33: Tổng phạt | M33: Ghi chú
A34: 1 | B34: 77 | C34: 45699 | D34: NV1613 | E34: Lê Hữu Thiết | F34: Tổ phó Tổ xe máy Hậu cần - PXSX2 | G34: Vào hồi 15h35 ngày 5/2/2025. Trong quá trình điều khiển phương tiện xe nâng vận chuyển gạch từ cổng vào phân xưởng, do không cẩn thận khi lên dốc làm nghiêng xe đổ 3 palet gạch (15x80); Tổng 261 hộp; sau khi lọc còn 118 hộp A1 và 21 hộp A2; Vỡ chuyển sang phế hủy 122 hộp; Mã TL11-158006A1F20 | J34: =3138000/2 -> 1569000 | L34: =H34+J34 -> 1569000 | M34: Phạt 3tr138 (trừ T2;T3)
A35: 2 | L35: =H35+J35 -> 0
A36: 3 | L36: =H36+J36 -> 0
A37: 4 | L37: =H37+J37 -> 0
A38: 5 | L38: =H38+J38 -> 0
A39: 6 | L39: =H39+J39 -> 0
A40: 7 | L40: =H40+J40 -> 0
A41: 8 | L41: =H41+J41 -> 0
A42: Tổng cộng: | H42: =SUM(H34:H41) -> 0 | J42: =SUM(J34:J41) -> 1569000 | L42: =SUM(L34:L41) -> 1569000
A43: Bằng chữ: | E43: =[2]!vnd(L42) -> #NAME?
B45: P TỔ CHỨC | J45: NGƯỜI LẬP
B49: Nguyễn Văn Dương | J49: Đỗ Thị Thu Hương
A54: TỔNG CÔNG TY ĐẦU TƯ | G54: CỘNG HÒA XÃ HỘI CHỦ NGHĨA VIỆT NAM
A55: PHÁT TRIỂN ĐÔ THỊ - CTCP | G55: Độc Lập - Tự Do - Hạnh Phúc
G56: Thanh Hóa ngày 15 tháng 04 năm 2025
A57: TỔNG HỢP PHẠT NỘI QUY PXSX2 THÁNG 03/2025
A58: TT | B58: Số QĐ | C58: Ngày | D58: Mã nhân viên | E58: Họ và tên | F58: Nơi làm việc | G58: Nội dung vi phạm | H58: Mức phạt | I58: Mức hạ loại | J58: Mức bồi thường | K58: Điểm trừ | L58: Tổng phạt | M58: Ghi chú
A59: 1 | B59: 132 | C59: 45714 | D59: NV4187 | E59: Phạm Văn Sơn | F59: Công nhân Lái xe nâng - DC5 - PXSX2 | G59: Vào hồi 13h40 ngày 25/2/2025. Trong quá trình điều khiển phương tiện xe nâng do thiếu quan sát để càng xe thúc vào phi dầu (Alpha SP220 Castro), làm thủng phi chảy dầu ra ngoài; Số lượng: 13,2 lít (Có biên bản kèm theo). Làm thất thiệt vật tư của công ty | J59: 817000 | K59: 30 | L59: =H59+J59 -> 817000
A60: 2 | B60: 77 | C60: 45699 | D60: NV1613 | E60: Lê Hữu Thiết | F60: Tổ phó Tổ xe máy Hậu cần - PXSX2 | G60: Vào hồi 15h35 ngày 5/2/2025. Trong quá trình điều khiển phương tiện xe nâng vận chuyển gạch từ cổng vào phân xưởng, do không cẩn thận khi lên dốc làm nghiêng xe đổ 3 palet gạch (15x80); Tổng 261 hộp; sau khi lọc còn 118 hộp A1 và 21 hộp A2; Vỡ chuyển sang phế hủy 122 hộp; Mã TL11-158006A1F20 | J60: =3138000/2 -> 1569000 | L60: =H60+J60 -> 1569000 | M60: Phạt 3tr138 (trừ T2;T3)
A61: 3 | B61: 178 | C61: 45721 | D61: NV3881 | E61: Mai Xuân Tân | F61: Lái xe nâng đi ca PXSX2 | G61: Thiếu trách nhiệm trong quá trình vận hành phương tiện, không thường xuyên kiểm tra kỹ thuật, bảo dưỡng hàng ngày, để phát hiện kịp thời những dấu hiệu gây mất an toàn cho người và phương tiện.(Cụ thể:Xe đang vận hành bị đứt chốt hãm,rơi bánh lái ra ngoài).Sự cố vào ngày 1/3/2025 | K61: 15 | L61: =H61+J61 -> 0
A62: 4 | B62: 188 | C62: 45722 | D62: NV0607 | E62: Lê Văn Thông | F62: Vận hành chính lò men - Bộ phận dây chuyền gia công và lò nung DC5 - PXSX2 | G62: Kiểm soát công việc trong ca chưa tốt dẫn đến thừa sản lượng mẫu V880035 sản xuất ngày 2/3/2025 so với kế hoạch sản xuất | H62: 200000 | K62: 2 | L62: =H62+J62 -> 200000
A63: 5 | B63: 187 | C63: 45722 | D63: NV0659 | E63: Lê Duy Hùng | F63: Tổ trưởng DC gia công ca A - BP DC gia công và lò nung DC5 - PXSX2 | G63: Kiểm soát công việc trong ca chưa tốt dẫn đến thừa sản lượng mẫu V880035 sản xuất ngày 2/3/2025 so với kế hoạch sản xuất | H63: 200000 | K63: 2 | L63: =H63+J63 -> 200000
A64: 6 | B64: 189 | C64: 45722 | D64: NV0657 | E64: Nguyễn Văn Duẩn | F64: PBP-BP DC gia công và Lò nung DC5 - PXSX2 | G64: Kiểm soát công việc trong ca chưa tốt dẫn đến thừa sản lượng mẫu V880035 sản xuất ngày 2/3/2025 so với kế hoạch sản xuất | L64: =H64+J64 -> 0 | M64: Khiển trách bằng VB
A65: 7 | B65: 235 | C65: 45742 | D65: NV0486 | E65: Nguyễn Thái Thuận | F65: Vận hành máy đóng bao ca 1A DC6 PXSX2 | G65: Thiếu kiểm soát trong quá trình làm việc, đóng thiếu số lượng viên (5v/6v) trong hộp gạch (500*500). Vào ca 1A ngày 15/2/2025 | H65: 300000 | K65: 5 | L65: =H65+J65 -> 300000
A66: 8 | B66: 248 | C66: 45743 | D66: NV4623 | E66: Nguyễn Trung Kiên | F66: Quản lý dây chuyền mài PXSX2 | G66: Trách nhiệm liên đới trong công tác quản lý, để công nhân vận hành bể nước thải làm gãy 11 cánh của máy ép bùn vào ca sản xuất ngày 23 và 24/3/2025 | K66: 3 | L66: =H66+J66 -> 0
A67: 9 | B67: 247 | C67: 45743 | D67: NV3449 | E67: Trần Thanh Hải | F67: Tổ trưởng mài ca B PXSX2 | G67: Trách nhiệm liên đới trong công tác quản lý, để công nhân vận hành bể nước thải làm gãy 11 cánh của máy ép bùn vào ca sản xuất ngày 23 và 24/3/2025 | K67: 6 | L67: =H67+J67 -> 0
A68: 10 | B68: 246 | C68: 45743 | D68: NV4557 | E68: Văn Tiến Đức | F68: Công nhân vận hành bể nước thải PXSX2 | G68: Trong quá trình vận hành máy ép bùn, do thiếu kiểm soát để dây vòi nước cuốn vào cánh ép bùn làm gãy 4 cánh của máy ép vào hồi 16h ca sx ngày 23/3/2025. Đồng thời vào hồi 13h50 trong ca sx ngày 24/3/2025 phát hiện gãy tiếp 7 cánh của máy ép bùn | J68: 5104000 | K68: 20 | L68: =H68+J68 -> 5104000 | M68: Đã nghỉ việc tháng 3
A69: 11 | B69: 280 | C69: 04/04/2025 | D69: NV5216 | E69: Lưu Đăng Khoa | F69: Nhân viên test mẫu, BP Công nghệ PXSX2 | G69: Sai quy trình khi chuyển File mẫu xuống máy in để chạy sản xuất, khi điều chỉnh màu cho đúng code để chạy sản xuất không không test lại, xảy ra chạy sản xuất gạch ra lò sai mẫu vào ca 2A ngày 03/04/2025 | H69: 1500000 | K69: 20 | L69: =H69+J69 -> 1500000
A70: 12 | B70: 281 | C70: 04/04/2025 | D70: NV3086 | E70: Nguyễn Sỹ Tư | F70: Nhân viên test mẫu, BP Công nghệ PXSX2 | G70: Sai quy trình khi chuyển File mẫu xuống máy in để chạy sản xuất, khi điều chỉnh màu cho đúng code để chạy sản xuất không không test lại, xảy ra chạy sản xuất gạch ra lò sai mẫu vào ca 2A ngày 03/04/2025 | H70: 500000 | K70: 7 | L70: =H70+J70 -> 500000
A71: 13 | B71: 282 | C71: 04/04/2025 | D71: NV0215 | E71: Vũ Đình Hoàng | F71: CBKT, BP Công nghệ PXSX2 | G71: Trách nhiệm liên đới trong công tác quản lý, nhân viên test mẫu thực hiện sai quy trình khi chuyển file mẫu xuống máy in để chạy sản xuất vào ca 2A ngày 03/04/2025 | H71: 200000 | K71: 3 | L71: =H71+J71 -> 200000
A72: Tổng cộng: | H72: =SUM(H59:H71) -> 2900000 | J72: =SUM(J59:J71) -> 7490000 | L72: =SUM(L59:L71) -> 10390000
A73: Bằng chữ: | D73: =[2]!vnd(L72) -> #NAME?
B75: P TỔ CHỨC | J75: NGƯỜI LẬP
B79: Nguyễn Văn Dương | J79: Lê Thị Diễm
A86: TỔNG CÔNG TY ĐẦU TƯ | G86: CỘNG HÒA XÃ HỘI CHỦ NGHĨA VIỆT NAM
A87: PHÁT TRIỂN ĐÔ THỊ - CTCP | G87: Độc Lập - Tự Do - Hạnh Phúc
G88: Thanh Hóa ngày 15 tháng 05 năm 2025
A89: TỔNG HỢP PHẠT NỘI QUY PXSX2 THÁNG 04/2025
A90: TT | B90: Số QĐ | C90: Ngày | D90: Mã nhân viên | E90: Họ và tên | F90: Nơi làm việc | G90: Nội dung vi phạm | H90: Mức phạt | I90: Mức hạ loại | J90: Mức bồi thường | K90: Điểm trừ | L90: Tổng phạt | M90: Ghi chú
A91: 1 | B91: 343 | C91: 45769 | D91: NV0538 | E91: Đỗ Như Giang | F91: Vận hành sấy phun ca B- Bộ phận nguyên liệu và gia công bán thành phẩm DC6-PXSX2 | G91: Vào ca 2 ngày 21/4/2025 kiểm soát công việc không tốt. Khi vệ sinh tháp sấy phun làm bật ti ô bắn nước lên si lô chảy nước vào si lô 1 và 2 | H91: 300000 | K91: 5 | L91: =H91+J91 -> 300000
A92: 2 | B92: 342 | C92: 45769 | D92: NV1903 | E92: Nguyễn Thế Tài | F92: Nhóm trưởng ca B- Bộ phận nguyên liệu và gia công bán thành phẩm DC6-PXSX2 | G92: Vào ca 2 ngày 21/4/2025 kiểm soát công việc không tốt. Khi vệ sinh tháp sấy phun làm bật ti ô bắn nước lên si lô chảy nước vào si lô 1 và 2 | H92: 300000 | K92: 5 | L92: =H92+J92 -> 300000
A93: 3 | B93: 344 | C93: 45765 | D93: NV0639 | E93: Hoàng Văn Đông | F93: Tổ phó ca B- Bộ phận nguyên liệu và gia công bán thành phẩm DC6-PXSX2 | G93: Ca 1B ngày 19/4/2025 trong quá trình sản xuất đồng chí Hoàng Văn Đông đã thực hiện xúc đất sập tháp để lên băng tải, làm ảnh hưởng đến chất lượng bột trong sản xuất | L93: =H93+J93 -> 0 | M93: Khiển trách bằng văn bản
A94: 4 | B94: 345 | C94: 45765 | D94: NV0651 | E94: Phạm Duy Thiết | F94: Tổ trưởng ca B- Bộ phận nguyên liệu và gia công bán thành phẩm DC6-PXSX2 | G94: Ca 2B ngày 18/4/2025 chỉ đạo kiểm soát cuối ca không tốt để xảy ra tình trạng rách màng men, gạch ra lò bốc phế 50m2 mẫu VC50511 | H94: 200000 | K94: 2 | L94: =H94+J94 -> 200000
A95: Tổng cộng: | H95: =SUM(H83:H94) -> 800000 | J95: =SUM(J83:J94) -> 0 | L95: =SUM(L83:L94) -> 800000
A96: Bằng chữ: | E96: =[2]!vnd(L95) -> #NAME?
B98: P TỔ CHỨC | J98: NGƯỜI LẬP
B102: Nguyễn Văn Dương | J102: Lê Thị Diễm
A108: TỔNG CÔNG TY ĐẦU TƯ | G108: CỘNG HÒA XÃ HỘI CHỦ NGHĨA VIỆT NAM
A109: PHÁT TRIỂN ĐÔ THỊ - CTCP | G109: Độc Lập - Tự Do - Hạnh Phúc
G110: Thanh Hóa ngày 03 tháng 06 năm 2025
A111: TỔNG HỢP PHẠT NỘI QUY PXSX2 THÁNG 05/2025
A112: TT | B112: Số QĐ | C112: Ngày | D112: Mã nhân viên | E112: Họ và tên | F112: Nơi làm việc | G112: Nội dung vi phạm | H112: Mức phạt | I112: Mức hạ loại | J112: Mức bồi thường | K112: Điểm trừ | L112: Tổng phạt | M112: Ghi chú
A113: 1 | B113: 403 | C113: 45806 | D113: NV5347 | E113: Nguyễn Đức Thanh | F113: Công nhân - Bộ phận Trạm than và Lò nung PXSX2 | G113: Nghỉ việc vô lý do vào ca sản xuất 2A ngày 17/05/2025 làm ảnh hưởng đến kế hoạch sản xuất và nguồn nhân lực của bộ phận | H113: 300000 | K113: 5 | L113: =H113+J113 -> 300000
A114: 2 | B114: 404 | C114: 45806 | D114: NV2776 | E114: Nguyễn Kiên Cường | F114: Công nhân - Bộ phận Mài và Đóng hộp PXSX2 | G114: Ý thức chấp hành NQLĐ chưa tốt, tự ý bỏ ca làm việc không báo cáo cấp quản lý (Vào ca sản xuất 2A ngày 28/04/2025) làm ảnh hưởng đến kế hoạch sản xuất và nguồn lực của phân xưởng | H114: 300000 | K114: 5 | L114: =H114+J114 -> 300000
A115: 3 | B115: 405 | C115: 45806 | D115: NV3775 | E115: Trương Văn Nam | F115: Công nhân - Bộ phận Mài và Đóng hộp PXSX2 | G115: Ý thức chấp hành NQLĐ chưa tốt, tự ý bỏ ca làm việc không báo cáo cấp quản lý (Vào ca sản xuất 2A ngày 28/04/2025) làm ảnh hưởng đến kế hoạch sản xuất và nguồn lực của phân xưởng | H115: 300000 | K115: 5 | L115: =H115+J115 -> 300000
A116: 4 | B116: 406 | C116: 45806 | D116: NV4564 | E116: Lường Văn Tùng | F116: Công nhân - Bộ phận Mài và Đóng hộp PXSX2 | G116: Ý thức chấp hành NQLĐ chưa tốt, tự ý bỏ ca làm việc không báo cáo cấp quản lý (Vào ca sản xuất 2A ngày 28/04/2025) làm ảnh hưởng đến kế hoạch sản xuất và nguồn lực của phân xưởng | H116: 300000 | K116: 5 | L116: =H116+J116 -> 300000
A117: 5 | B117: 407 | C117: 45806 | D117: NV5045 | E117: Vũ Đình Lương | F117: Công nhân - Bộ phận Mài và Đóng hộp PXSX2 | G117: Ý thức chấp hành NQLĐ chưa tốt, tự ý bỏ ca làm việc không báo cáo cấp quản lý (Vào ca sản xuất 2A ngày 28/04/2025) làm ảnh hưởng đến kế hoạch sản xuất và nguồn lực của phân xưởng | H117: 300000 | K117: 5 | L117: =H117+J117 -> 300000
A118: 6 | B118: 408 | C118: 45806 | D118: NV3688 | E118: Lê Công Dũng | F118: Công nhân - Bộ phận Mài và Đóng hộp PXSX2 | G118: Ý thức chấp hành NQLĐ chưa tốt, tự ý bỏ ca làm việc không báo cáo cấp quản lý (Vào ca sản xuất 2A ngày 28/04/2025) làm ảnh hưởng đến kế hoạch sản xuất và nguồn lực của phân xưởng | H118: 300000 | K118: 5 | L118: =H118+J118 -> 300000
A119: 7 | B119: 409 | C119: 45806 | D119: NV0576 | E119: Tống Văn Tỵ | F119: Tổ trưởng - Bộ phận Mài và Đóng hộp PXSX2 | G119: Ý thức chấp hành NQLĐ chưa tốt, tự ý bỏ ca làm việc không báo cáo cấp quản lý (Vào ca sản xuất 2A ngày 28/04/2025) làm ảnh hưởng đến kế hoạch sản xuất và nguồn lực của phân xưởng | H119: 1000000 | K119: 18 | L119: =H119+J119 -> 1000000
A120: 8 | B120: 410 | C120: 45806 | D120: NV0087 | E120: Lê Xuân Long | F120: Phó phòng Kỹ thuật - Phụ trách mài PXSX2 | G120: Trách nhiệm liên đới trong công tác quản lý, để một số công nhân ca 2A ngày 28/04/2025 nghỉ việc vô lý do, làm ảnh hưởng đến kế hoạch và nguồn nhân lực trong sản xuất của phân xưởng | K120: 2 | L120: =H120+J120 -> 0
A121: 9 | B121: 411 | C121: 45806 | D121: NV4623 | E121: Nguyễn Trung Kiên | F121: Phó Bp Mài - PXSX2 | G121: Trách nhiệm liên đới trong công tác quản lý, để một số công nhân ca 2A ngày 28/04/2025 nghỉ việc vô lý do, làm ảnh hưởng đến kế hoạch và nguồn nhân lực trong sản xuất của phân xưởng | K121: 2 | L121: =H121+J121 -> 0
A122: 10 | B122: 412 | C122: 45806 | D122: NV3966 | E122: Hoàng Đình Bảy | F122: Tổ phó mài ca B PXSX2 | G122: Kiểm soát chưa tốt, để công nhân vận hành dừng máy mài trong thời gian 30 phút, nhưng không phát hiện và báo cáo kịp thời với cấp quản lý phân xưởng, gây thiệu hại cho Công ty | H122: 500000 | K122: 5 | L122: =H122+J122 -> 500000
A123: 11 | B123: 428 | C123: 45808 | D123: NV3086 | E123: Nguyễn Sỹ Tư | F123: Nhóm trưởng test mẫu - Phòng công nghệ PXSX2 | G123: Trong quá trình test mẫu sản xuất Ông Tư đã nhầm đơn hàng cũ dẫn đến mẫu MTC 66051 sản xuất dư 1500 hộp vào ngày 10/5/2025 khi chưa có đơn hàng của BKD | H123: 500000 | K123: 11 | L123: =H123+J123 -> 500000
A124: 12 | B124: 429 | C124: 45808 | D124: NV0600 | E124: Trần Quốc Tuấn | F124: Giám đốc PXSX2 | G124: Trách nhiệm liên đới trong công tác quản lý , trong quá trình test mẫu sản xuất, nhân viên test mẫu đã nhầm đơn hàng cũ dẫn đến mẫu MTC 66051 sản xuất dư 1500 hộp vào ngày 10/5/2025 khi chưa có đơn hàng của BKD | K124: 3 | L124: =H124+J124 -> 0
A125: 13 | B125: 430 | C125: 45808 | D125: NV0215 | E125: Vũ Đình Hoàng | F125: CBKT - Phòng công nghệ PXSX2 | G125: Trách nhiệm liên đới trong công tác quản lý , trong quá trình test mẫu sản xuất, nhân viên test mẫu đã nhầm đơn hàng cũ dẫn đến mẫu MTC 66051 sản xuất dư 1500 hộp vào ngày 10/5/2025 khi chưa có đơn hàng của BKD | K125: 5 | L125: =H125+J125 -> 0
L126: =H126+J126 -> 0
L127: =H127+J127 -> 0
L128: =H128+J128 -> 0
L129: =H129+J129 -> 0
L130: =H130+J130 -> 0
L131: =H131+J131 -> 0
L132: =H132+J132 -> 0
L133: =H133+J133 -> 0
A134: Tổng cộng: | H134: =SUM(H113:H133) -> 3800000 | J134: =SUM(J113:J133) -> 0 | L134: =SUM(L113:L133) -> 3800000
A135: Bằng chữ: | E135: =[2]!vnd(L134) -> #NAME?
B137: P TỔ CHỨC | J137: NGƯỜI LẬP
B141: Nguyễn Văn Dương | J141: Lê Thị Diễm
A145: TỔNG CÔNG TY ĐẦU TƯ | G145: CỘNG HÒA XÃ HỘI CHỦ NGHĨA VIỆT NAM
...

Sheet VIỆT NHẬT
A1: CÔNG TY TNHH KHAI THÁC VÀ CHẾ BIẾN | G1: CỘNG HÒA XÃ HỘI CHỦ NGHĨA VIỆT NAM
A2: KHOÁNG SẢN LIÊN DOANH VIỆT NHẬT | G2: Độc Lập - Tự Do - Hạnh Phúc
G3: Thanh Hóa ngày 15 tháng 02 năm 2025
A4: TỔNG HỢP PHẠT NỘI QUY THÁNG 01/2025
A6: TT | B6: Số QĐ | C6: Ngày | D6: Mã nhân viên | E6: Họ và tên | F6: Nơi làm việc | G6: Nội dung vi phạm | H6: Mức phạt | I6: Mức hạ loại | J6: Mức bồi thường | K6: Điểm trừ | L6: Tổng phạt | M6: Ghi chú
A7: 1 | B7: 36 | C7: 45680 | D7: NV5394 | E7: Nguyễn Văn Tuấn | F7: Lái xe howo | G7: Trong quá trình trút đổ nguyên liệu không cẩn thận khi nâng ben làm xe bị nghiêng và đổ, làm móp méo cabin, vỡ kính cửa bên lái | H7: 0 | I7: 0 | J7: 2380000 | K7: 20 | L7: =H7+J7 -> 2380000
A8: Tổng cộng: | H8: =SUM(H7:H7) -> 0 | J8: =SUM(J7:J7) -> 2380000 | L8: =SUM(L7:L7) -> 2380000
A9: Bằng chữ: | E9: =[1]!vnd(L8) -> #NAME?
B11: P TỔ CHỨC | J11: NGƯỜI LẬP
B15: Nguyễn Văn Dương | J15: Đỗ Thị Thu Hương
A24: CÔNG TY TNHH KHAI THÁC VÀ CHẾ BIẾN | G24: CỘNG HÒA XÃ HỘI CHỦ NGHĨA VIỆT NAM
A25: KHOÁNG SẢN LIÊN DOANH VIỆT NHẬT | G25: Độc Lập - Tự Do - Hạnh Phúc
G26: Thanh Hóa ngày 15 tháng 03 năm 2025
A27: TỔNG HỢP PHẠT NỘI QUY THÁNG 02/2025
A29: TT | B29: Số QĐ | C29: Ngày | D29: Mã nhân viên | E29: Họ và tên | F29: Nơi làm việc | G29: Nội dung vi phạm | H29: Mức phạt | I29: Mức hạ loại | J29: Mức bồi thường | K29: Điểm trừ | L29: Tổng phạt | M29: Ghi chú
A30: 1 | B30: 114 | C30: 45709 | D30: NV5273 | E30: Lê Bá Cần | F30: NV Lái xe mỏ - Đội xe máy - Ban đầu tư và khai thác | G30: Thiếu kiểm soát trong việc theo dõi số km vận hành của xe tải BKS: 36H-06891, dẫn đến thay dầu máy trước định kỳ km vận hành của phương tiện, gây lãng phí cho cty | H30: 0 | I30: 0 | K30: 5 | L30: =H30+J30 -> 0 | M30: Cảnh cáo
A31: Tổng cộng: | H31: =SUM(H30:H30) -> 0 | J31: =SUM(J30:J30) -> 0 | L31: =SUM(L30:L30) -> 0
A32: Bằng chữ: | E32: =[1]!vnd(L31) -> #NAME?
B34: P TỔ CHỨC | J34: NGƯỜI LẬP
B38: Nguyễn Văn Dương | J38: Đỗ Thị Thu Hương
A43: CÔNG TY TNHH KHAI THÁC VÀ CHẾ BIẾN | G43: CỘNG HÒA XÃ HỘI CHỦ NGHĨA VIỆT NAM
A44: KHOÁNG SẢN LIÊN DOANH VIỆT NHẬT | G44: Độc Lập - Tự Do - Hạnh Phúc
G45: Thanh Hóa ngày 15 tháng 04 năm 2025
A46: TỔNG HỢP PHẠT NỘI QUY THÁNG 03/2025
A48: TT | B48: Số QĐ | C48: Ngày | D48: Mã nhân viên | E48: Họ và tên | F48: Nơi làm việc | G48: Nội dung vi phạm | H48: Mức phạt | I48: Mức hạ loại | J48: Mức bồi thường | K48: Điểm trừ | L48: Tổng phạt | M48: Ghi chú
A49: 1 | B49: 105 | C49: 45708 | D49: NV5019 | E49: Nguyễn Xuân Thủy | F49: NV Lái xe mỏ - Tổ đội xe máy - Ban đầu tư và khai thác | G49: Vào ngày 19/2/2025 khi đưa xe về đội sửa chữa để khắc phục xe trong tình trạng bị rách thùng (Theo đánh giá thùng xe bị răng của gầu máy xúc đào cào rách). Nhưng lái xe khẳng định không xác định thời gian, điểm điểm và người điều khiển phương tiện (Máy xúc đào) khi vận hành | H49: 500000 | I49: 0 | K49: 20 | L49: =H49+J49 -> 500000
A50: Tổng cộng: | H50: =SUM(H49:H49) -> 500000 | J50: =SUM(J49:J49) -> 0 | L50: =SUM(L49:L49) -> 500000
A51: Bằng chữ: | E51: =[1]!vnd(L50) -> #NAME?
B53: P TỔ CHỨC | J53: NGƯỜI LẬP
B57: Nguyễn Văn Dương | J57: Đỗ Thị Thu Hương
A59: CÔNG TY TNHH KHAI THÁC VÀ CHẾ BIẾN | G59: CỘNG HÒA XÃ HỘI CHỦ NGHĨA VIỆT NAM
A60: KHOÁNG SẢN LIÊN DOANH VIỆT NHẬT | G60: Độc Lập - Tự Do - Hạnh Phúc
G61: Thanh Hóa ngày 15 tháng 04 năm 2025
A62: TỔNG HỢP PHẠT NỘI QUY THÁNG 03/2025
A64: TT | B64: Số QĐ | C64: Ngày | D64: Mã nhân viên | E64: Họ và tên | F64: Nơi làm việc | G64: Nội dung vi phạm | H64: Mức phạt | I64: Mức hạ loại | J64: Mức bồi thường | K64: Điểm trừ | L64: Tổng phạt | M64: Ghi chú
A65: 1 | B65: 105 | C65: 45708 | D65: NV5019 | E65: Nguyễn Xuân Thủy | F65: NV Lái xe mỏ - Tổ đội xe máy - Ban đầu tư và khai thác | G65: Vào ngày 19/2/2025 khi đưa xe về đội sửa chữa để khắc phục xe trong tình trạng bị rách thùng (Theo đánh giá thùng xe bị răng của gầu máy xúc đào cào rách). Nhưng lái xe khẳng định không xác định thời gian, điểm điểm và người điều khiển phương tiện (Máy xúc đào) khi vận hành | H65: 500000 | I65: 0 | K65: 20 | L65: =H65+J65 -> 500000
A66: Tổng cộng: | H66: =SUM(H65:H65) -> 500000 | J66: =SUM(J65:J65) -> 0 | L66: =SUM(L65:L65) -> 500000
A67: Bằng chữ: | E67: =[1]!vnd(L66) -> #NAME?
B69: P TỔ CHỨC | J69: NGƯỜI LẬP
B73: Nguyễn Văn Dương | J73: Đỗ Thị Thu Hương
A76: CÔNG TY TNHH KHAI THÁC VÀ CHẾ BIẾN | G76: CỘNG HÒA XÃ HỘI CHỦ NGHĨA VIỆT NAM
A77: KHOÁNG SẢN LIÊN DOANH VIỆT NHẬT | G77: Độc Lập - Tự Do - Hạnh Phúc
G78: Thanh Hóa ngày 05 tháng 09 năm 2025
A79: TỔNG HỢP PHẠT NỘI QUY THÁNG 09/2025
A81: TT | B81: Số QĐ | C81: Ngày | D81: Mã nhân viên | E81: Họ và tên | F81: Nơi làm việc | G81: Nội dung vi phạm | H81: Mức phạt | I81: Mức hạ loại | J81: Mức bồi thường | K81: Điểm trừ | L81: Tổng phạt | M81: Ghi chú
A82: 1 | B82: 793 | C82: 45915 | D82: NV3530 | E82: Lê Trọng Tấn | F82: Nhân viên lái máy - Tổ đội xe máy - Phòng khai thác | G82: Vào hồi 04h33 phút ngày 19/07/2025, Ông Lê Trọng Tấn; tự ý đánh máy múc của Công ty đi nhổ cây trong khu vực dự án Đông Văn, không có chỉ đạo và đồng ý của cấp quản lý. | H82: 500000 | K82: 13 | L82: 500000
A83: Tổng cộng: | H83: =SUM(H82:H82) -> 500000 | J83: =SUM(J82:J82) -> 0 | L83: =SUM(L82:L82) -> 500000
A84: Bằng chữ: | D84: Năm trăm nghìn đồng
B86: P TỔ CHỨC | J86: NGƯỜI LẬP
B90: Đỗ Ngọc Toàn | J90: Phạm Văn Lực
A93: CÔNG TY TNHH KHAI THÁC VÀ CHẾ BIẾN | G93: CỘNG HÒA XÃ HỘI CHỦ NGHĨA VIỆT NAM
A94: KHOÁNG SẢN LIÊN DOANH VIỆT NHẬT | G94: Độc Lập - Tự Do - Hạnh Phúc
G95: Thanh Hóa ngày 05 tháng 12 năm 2025
A96: TỔNG HỢP PHẠT NỘI QUY THÁNG 11/2025
A98: TT | B98: Số QĐ | C98: Ngày | D98: Mã nhân viên | E98: Họ và tên | F98: Nơi làm việc | G98: Nội dung vi phạm | H98: Mức phạt | I98: Mức hạ loại | J98: Mức bồi thường | K98: Điểm trừ | L98: Tổng phạt | M98: Ghi chú
A99: 1 | B99: 964 | C99: 45972 | D99: NV2509 | E99: Nguyễn Văn Hải | F99: NV lái xe - Phòng khai thác | G99: Trong quá trình đièu khiển phương tiện xe tải BKS: 36C-09469 vận chuyển nguyên liệu từ kho Đông Văn về nhà máy vào ngày 11/11/2025. không thực hiện việc che bạt trên thùng xe, vi phạm quy định vê sinh môi trường và an toàn giao thông. | H99: 500000 | K99: 10 | L99: 500000
A100: 2 | B100: 1008 | C100: 45989 | D100: NV5779 | E100: Nguyễn Đình Tứ | F100: NV lái máy xúc đào - Phòng khai thác | G100: Trong quá trình cào thùng xe vạn chuyển và vun nguyên liệu, do thiếu quan sát dẫn đến va chạm gầu máy xúc làm cong cột chống mái kho nguyên liệu | I100: 0,98 | K100: 11 | L100: 198000 | M100: Hạ KPI chỉ tính lương khoán
A101: 3
A102: 4
A103: 5
A104: Tổng cộng: | H104: =SUM(H103:H103) -> 0 | J104: =SUM(J103:J103) -> 0 | L104: =SUM(L99:L103) -> 698000
A105: Bằng chữ: | D105: Sáu trăm chín mươi tám nghìn đồng
B107: P TỔ CHỨC | J107: NGƯỜI LẬP
B111: Đỗ Ngọc Toàn | J111: Phạm Văn Lực

Sheet TỔNG HỢP
A2: TỔNG CÔNG TY ĐẦU TƯ | K2: CỘNG HÒA XÃ HỘI CHỦ NGHĨA VIỆT NAM
A3: PHÁT TRIỂN ĐÔ THỊ - CTCP | K3: Độc Lập - Tự Do - Hạnh Phúc
A4: CÔNG TY CỔ PHẦN | L4: Thanh hóa ngày 01 tháng 01 năm 2025
A5: ĐẦU TƯ PHÁT TRIỂN VICENZA
A8: TỔNG HỢP PHẠT NỘI QUY NĂM 2025
A9: THÁNG | B9: VĂN PHÒNG TCT | E9: VĂN PHÒNG VCZ | H9: NHÀ MÁY 1 | K9: NHÀ MÁY 2 | N9: VIỆT NHẬT | Q9: TỔNG CỘNG
B10: Mức phạt | C10: Mức bồi thường | D10: Tổng | E10: Mức phạt | F10: Mức bồi thường | G10: Tổng | H10: Mức phạt | I10: Mức bồi thường | J10: Tổng | K10: Mức phạt | L10: Mức bồi thường | M10: Tổng | N10: Mức phạt | O10: Mức bồi thường | P10: Tổng
A11: 01/2025 | B11: =TCT!H12 -> 1300000 | C11: 0 | D11: =B11+C11 -> 1300000 | E11: =CT!H7 -> 100000 | F11: 0 | G11: =E11+F11 -> 100000 | H11: 0 | I11: 0 | J11: =H11+I11 -> 0 | K11: 0 | L11: 0 | M11: =K11+L11 -> 0 | N11: 0 | O11: ='VIỆT NHẬT'!J8 -> 2380000 | P11: =N11+O11 -> 2380000 | Q11: =D11+G11+J11+M11+P11 -> 3780000
A12: 02/2025 | D12: =B12+C12 -> 0 | G12: =E12+F12 -> 0 | J12: =H12+I12 -> 0 | M12: =K12+L12 -> 0 | P12: =N12+O12 -> 0 | Q12: =D12+G12+J12+M12+P12 -> 0
A13: 03/2025 | B13: 2800000 | C13: 2810000 | D13: =B13+C13 -> 5610000 | E13: 600000 | G13: =E13+F13 -> 600000 | H13: 1800000 | J13: =H13+I13 -> 1800000 | K13: 2900000 | L13: 7490000 | M13: =K13+L13 -> 10390000 | N13: 500000 | P13: =N13+O13 -> 500000 | Q13: =D13+G13+J13+M13+P13 -> 18900000
A14: 04/2025 | B14: =+TCT!H114 -> 12800000 | C14: =+TCT!J114 -> 1200000 | D14: =B14+C14 -> 14000000 | E14: =+CT!L85 -> 100000 | G14: =E14+F14 -> 100000 | H14: =+PXSX1!L97 -> 1200000 | J14: =H14+I14 -> 1200000 | K14: =+PXSX2!L95 -> 800000 | M14: =K14+L14 -> 800000 | P14: =N14+O14 -> 0 | Q14: =D14+G14+J14+M14+P14 -> 16100000
A15: 05/2025 | B15: =+TCT!H144 -> 4466666.7 | C15: =+TCT!J144 -> 1200000 | D15: =B15+C15 -> 5666666.7 | E15: =+CT!H111 -> 1100000 | F15: =+CT!J111 -> 0 | G15: =E15+F15 -> 1100000 | H15: =+PXSX1!H133 -> 4100000 | I15: =+PXSX1!J133 -> 0 | J15: =H15+I15 -> 4100000 | K15: =+PXSX2!H134 -> 3800000 | L15: =+PXSX2!J134 -> 0 | M15: =K15+L15 -> 3800000 | P15: =N15+O15 -> 0 | Q15: =D15+G15+J15+M15+P15 -> 14666667
A16: 06/2025 | B16: =+TCT!H178 -> 4316666.7 | C16: =+TCT!J178 -> 0 | D16: =B16+C16 -> 4316666.7 | E16: =+CT!H137 -> 600000 | F16: =+CT!J137 -> 0 | G16: =E16+F16 -> 600000 | H16: =+PXSX1!H171 -> 1000000 | I16: =+PXSX1!J171 -> 0 | J16: =H16+I16 -> 1000000 | K16: =+PXSX2!H171 -> 1400000 | L16: =+PXSX2!J171 -> 0 | M16: =K16+L16 -> 1400000 | P16: =N16+O16 -> 0 | Q16: =D16+G16+J16+M16+P16 -> 7316666.7
A17: 07/2025 | B17: 4716667 | C17: 453000 | D17: =B17+C17 -> 5169667 | E17: 1600000 | F17: 3768500 | G17: =E17+F17 -> 5368500 | H17: 6500000 | J17: =H17+I17 -> 6500000 | K17: 9600000 | M17: =K17+L17 -> 9600000 | P17: =N17+O17 -> 0 | Q17: =D17+G17+J17+M17+P17 -> 26638167
A18: 08/2025 | B18: 800000 | D18: =B18+C18 -> 800000 | E18: 100000 | F18: 825000 | G18: =E18+F18 -> 925000 | J18: =H18+I18 -> 0 | K18: 1500000 | M18: =K18+L18 -> 1500000 | P18: =N18+O18 -> 0 | Q18: =D18+G18+J18+M18+P18 -> 3225000
A19: 09/2025 | B19: 800000 | C19: 3250000 | D19: =B19+C19 -> 4050000 | E19: 100000 | F19: 10684000 | G19: =E19+F19 -> 10784000 | H19: 1400000 | J19: =H19+I19 -> 1400000 | K19: 2000000 | M19: =K19+L19 -> 2000000 | N19: 500000 | P19: =N19+O19 -> 500000 | Q19: =D19+G19+J19+M19+P19 -> 18734000
A20: 10/2025 | B20: 2300000 | C20: 720000 | D20: =B20+C20 -> 3020000 | E20: 1500000 | G20: =E20+F20 -> 1500000 | H20: 2000000 | I20: 2000000 | J20: =H20+I20 -> 4000000 | K20: 3300000 | L20: 2155000 | M20: =K20+L20 -> 5455000 | P20: =N20+O20 -> 0 | Q20: =D20+G20+J20+M20+P20 -> 13975000
A21: 11/2025 | B21: 924000 | C21: 633000 | D21: =B21+C21 -> 1557000 | G21: =E21+F21 -> 0 | H21: 23086000 | I21: 30000000 | J21: =H21+I21 -> 53086000 | L21: 5214000 | M21: =K21+L21 -> 5214000 | N21: 698000 | P21: =N21+O21 -> 698000 | Q21: =D21+G21+J21+M21+P21 -> 60555000
A22: 12/2025 | D22: =B22+C22 -> 0 | G22: =E22+F22 -> 0 | J22: =H22+I22 -> 0 | M22: =K22+L22 -> 0 | P22: =N22+O22 -> 0 | Q22: =D22+G22+J22+M22+P22 -> 0
A23: TỔNG | B23: =SUM(B11:B22) -> 35224000 | C23: =SUM(C11:C22) -> 10266000 | D23: =SUM(D11:D22) -> 45490000 | E23: =SUM(E11:E22) -> 5800000 | F23: =SUM(F11:F22) -> 15277500 | G23: =SUM(G11:G22) -> 21077500 | H23: =SUM(H11:H22) -> 41086000 | I23: =SUM(I11:I22) -> 32000000 | ... Q23: =SUM(Q11:Q22) -> 1.838905e+08
A25: TP. TỔ CHỨC | H25: THỦ QUỸ | L25: NGƯỜI LẬP

Sheet KHEN THƯỞNG
A3: TỔNG CÔNG TY ĐẦU TƯ | F3: CỘNG HÒA XÃ HỘI CHỦ NGHĨA VIỆT NAM
A4: PHÁT TRIỂN ĐÔ THỊ - CTCP | F4: Độc Lập - Tự Do - Hạnh Phúc
A7: TỔNG HỢP KHEN THƯỞNG NĂM 2025
A9: STT | B9: Số QĐ | C9: NGÀY THÁNG | D9: HỌ TÊN; TẬP THỂ | E9: BỘ PHẬN | F9: THÀNH TÍCH | G9: MỨC KHEN THƯỞNG | H9: ĐIỂM THƯỞNG | I9: GHI CHÚ
A10: 1 | B10: 116 | C10: 45709 | D10: Nguyễn Trọng Hội | E10: Nhân viên bảo vệ - PTCHC | F10: Vào hồi 17h ngày 22/01/2025 tại vị trí (cổng 3) phân xưởng 1; Tổ bảo vệ kiểm tra hành lý trước khi công nhân giao ca ra về, phát hiện Ông Dương lấy 1 bó dây rút điện (70 cái) sử dụng vào mục đích cá nhân, tâng vật đã được lập văn bản và thu hồi trả lại PX (Theo quy định tiền thưởng bằng 30% giá trị tài sản bị thất thoát, xong do giá trị tài sản rất thấp, để động viên khích lệ CBCNV, cty vận dụng tiền thưởng bằng 30% số tiền xử lý người vi phạm) | G10: 300000 | H10: 5
A11: 2 | B11: 232 | C11: 45741 | D11: Phó GĐ Điều hành + BGĐ PXSX1 | E11: Phó GĐ Điều hành + BGĐ PXSX1 | G11: 14000000
B12: 232 | C12: 45741 | D12: Phó GĐ Điều hành + BGĐ PXSX2 | E12: Phó GĐ Điều hành + BGĐ PXSX2 | G12: 15000000
A13: 3 | B13: 171 | C13: 45720 | D13: Tập thể bộ phận dây chuyền và lò nung | E13: Tập thể CBCNV ca 2A ngày 26/02/2025 DC5-PXSX2 | F13: Đạt mục tiêu khen thưởng theo thông báo về việc thi đua lập thành tích trong sản xuất Dây chuyền 5 của Ban Giám đốc PXSX2 ngày 21/2/2025 | G13: 2000000 | J13: k đc tính
D14: Tập thể bộ phận mài và bao gói | G14: 3000000 | J14: k đc tính
D15: Tập thể bộ phận cơ điện và cơ lý đi ca | G15: 500000 | J15: k đc tính
A16: 4 | B16: 172 | C16: 45720 | D16: Tập thể bộ phận dây chuyền và lò nung | E16: Tập thể CBCNV ca 1B ngày 23/02/2025 DC5-PXSX2 | F16: Đạt mục tiêu khen thưởng theo thông báo về việc thi đua lập thành tích trong sản xuất Dây chuyền 5 của Ban Giám đốc PXSX2 ngày 21/2/2025 | G16: 2000000 | J16: k đc tính
D17: Tập thể bộ phận mài và bao gói | G17: 3000000 | J17: k đc tính
D18: Tập thể bộ phận cơ điện và cơ lý đi ca | G18: 500000 | J18: k đc tính
B19: 373 | C19: 45791 | D19: Tập thể đội sửa chữa | E19: Ban đầu tư và khai thác | F19: Tập thể đội sửa chữa đã cải tiến, gia công "Khuôn ép lốp đặc xe nâng" thực hiện sửa chữa và thay thế tại phân xưởng, thay cho việc phải vận chuyển đi thay bên ngoài, vừa rút ngắn thời gian phương tiện lưu xưởng, đồng thời tiết kiệm chi phí cho nhà máy, mang lại hiệu xuất kinh doanh | G19: 10000000
D20: Vũ Xuân Tuấn | E20: Trợ lý TGĐ - Phụ trách đội xe | H20: 3
D21: Phạm Văn Thiện | E21: Đội trưởng | G21: 5000000
A22: 1 | B22: 448 | C22: 45815 | D22: Tập thể nghiền sấy phun PXSX1 | E22: Tập thể nghiền sấy phun PXSX1 | F22: Tập thể bộ phận nghiền sấy phun PXSX1 đã chủ động khắc phục mọi khó khăn về thời tiết và thiếu hụt nguồn nhân lực nhưng vẫn chủ động đáp ứng nguồn nguyên liệu phục vụ sản xuất của phân xưởng | G22: 1000000
A23: 2 | D23: Phan Văn Thắng | E23: Phó bộ phận sấy phun PXSX1 | G23: 500000 | H23: 5
A24: 3 | B24: 537 | C24: 45831 | D24: Tập thể bộ phận sơ chế | E24: Tập thể bộ phận sơ chế | F24: Tập thể bộ phận sơ chế( Tổ phục vụ xuất hàng) và các cá nhân bộ phận cơ điện PXSX1 đã chủ động khắc phục mọi khó khăn về thời tiết và thiếu hụt nhân lực nhưng vẫn chủ động đáp ứng công tác đảm bảo phục vụ sản xuất của phân xưởng | G24: 1000000
A25: 4 | D25: Lê Bá Long | E25: Tổ trưởng tổ PVXH | G25: 300000 | H25: 3
A26: 5 | D26: Lê Viết Hùng | E26: NV cơ điện PX1 | G26: 300000 | H26: 3
A27: 6 | D27: Nguyễn Đình Vũ | E27: NV cơ điện PX1 | G27: 300000 | H27: 3
A28: 17 | B28: 755 | C28: 45896 | D28: Tổ phục vụ xuất hàng | E28: Phòng kế toán | F28: Khen thưởng đối với tập thể tổ phục vụ xuất hàng, Phòng kế toán. Vì đã có thành tích đột xuất trong quá trình thực hiện nhiệm vụ xuất hàng cho nhà phân phối tại tại thời điểm điễn biến cơn bão số 5 (Kajiki) vào ngày 25/08/2025 | G28: 5000000
A29: 18 | B29: 756 | C29: 45896 | D29: Đỗ Ngọc Toàn | E29: PP Phòng tổ chức | F29: Khen thưởng đối với các cá nhân vì đã có thành tích đột xuất trong quá trình thực hiện nhiệm vụ phòng chống bão số 5 (Kajiki) ngày 24/08/2025 | G29: 300000 | H29: 5
A30: 19 | D30: Phạm Văn Lực | E30: Chuyên viên Phòng tổ chức | G30: 300000 | H30: 5
A31: 20 | D31: Nguyễn Anh Hải | E31: PP Phòng khai thác | G31: 300000 | H31: 5
A32: 21 | D32: Bùi Sỹ Quang | E32: TBP ngiền SP PX1 | G32: 300000 | H32: 5
A33: 22 | D33: Lê Xuân Lộc | E33: Giám đốc mỏ | G33: 300000 | H33: 5
A34: 23 | D34: Đỗ Văn Duyên | E34: Tổ QC | G34: 300000 | H34: 5
A35: 24 | D35: Nguyễn Hoàng Anh | E35: Tổ QC | G35: 300000 | H35: 5
A36: 25 | D36: Trần Công Đua | E36: Bảo vệ | G36: 300000 | H36: 5
A37: 26 | D37: Nguyễn Văn Thìn | E37: PXCBNL | G37: 300000 | H37: 5
A38: 27 | D38: Hoàng Đình Cương | E38: PXCBNL | G38: 300000 | H38: 5
A39: 28 | D39: Lê Văn Hưng | E39: PXCBNL | G39: 300000 | H39: 5
A40: 29 | D40: Lê Đình Hưng | E40: PXCBNL | G40: 300000 | H40: 5
A41: 30 | C41: 45922 | D41: Phòng kỹ thuật | E41: Phân xưởng 1 | F41: Vì đã có thành tích trong quá trình xử lý hệ thống làm mát, đảm bảo hoạt động của lò đốt dăm gỗ, đáp ứng nhu cầu sản xuất vào ngày 20/09/2025. | G41: 2000000
A42: 31 | C42: 45939 | E42: Phân xưởng 1 | F42: Vì đã có thành tích hoàn thành tốt nhiệm vụ thi công lò than mới, vận hành thử nghiệm đảm bảo an toàn, đáp ứng yêu cầu kỹ thuật, phục vụ sản xuất cho phân xưởng. | G42: 30000000
A43: 32 | C43: 45939 | E43: Phân xưởng 2 | F43: Vì đã có thành tích hoàn thành tốt nhiệm vụ trong quá trình cải tạo máy đóng bao để sản xuất thành công gạch khổ lớn (600 x 1200) và (1000 x 1000) từ máy đóng bao khổ (800 x 800) đảm bảo hoàn thành kế hoạch sản xuất của Tổng công ty. | G43: 30000000
A44: 33 | C44: 45939 | D44: Phòng kỹ thuật | E44: Phân xưởng 2 | F44: Vì đã có thành tích hoàn thành tốt nhiệm vụ trong quá trình cải tạo máy đóng bao để sản xuất thành công gạch khổ lớn (600 x 1200) và (1000 x 1000) từ máy đóng bao khổ (800 x 800) đảm bảo hoàn thành kế hoạch sản xuất của Tổng công ty. | G44: 15000000
A45: 34 | C45: 45939 | D45: Trần Quốc Tuấn | E45: GĐ Phân xưởng 2 | F45: Vì đã có thành tích hoàn thành xuất sắc nhiệm vụ chỉ đạo cải tiến hệ thống máy đóng bao và tổ chức chuyển đổi sản xuất dòng gạch khổ lớn (600 x 1200) và (1000 x 1000) đảm bảo hoàn thành kế hoạch sản xuất của Tổng công ty. | G45: 5000000
A46: 35 | C46: 45939 | D46: Quách Văn Thường | E46: PGĐ Phân xưởng 2 | F46: Vì đã có thành tích hoàn thành tốt nhiệm vụ trong quá trình cải tạo máy đóng bao để sản xuất thành công gạch khổ lớn (600 x 1200) và (1000 x 1000) từ máy đóng bao khổ (800 x 800) đảm bảo hoàn thành kế hoạch sản xuất của Tổng công ty. | G46: 5000000
A47: 36 | C47: 45939 | D47: Nguyễn Thanh Sơn | E47: CBKT Hợp đồng ngoài | F47: Vì đã có thành tích hoàn thành tốt nhiệm vụ tham gia kỹ thuật thi công lò than mới, vận hành thử nghiệm đảm bảo an toàn, đáp ứng yêu cầu kỹ thuật, phục vụ sản xuất cho phân xưởng. | G47: 5000000
A48: 37 | C48: 45939 | D48: Nguyễn Xuân Tuấn | E48: GĐ Phân xưởng 1 | F48: Vì đã có thành tích hoàn thành tốt nhiệm vụ chỉ đạo thi công lò than mới, vận hành thử nghiệm đảm bảo an toàn, đáp ứng yêu cầu kỹ thuật, phục vụ sản xuất cho phân xưởng. | G48: 5000000
A49: 38 | C49: 45940 | D49: Trịnh Minh Hải | E49: Ban Kinh doanh | F49: Tập thể thị trường miền bắc - Hoàn thánh vượt kế hoạch doanh số giao khoán tháng 9/2025 (Đạt 122,3%) vad sản lượng bán hàng dòng định hướng cao nhất trong các vùng thị trường truyền thống. | G49: 15000000
A50: 39 | C50: 45940 | D50: Nguyễn Đình Việt | E50: Ban Kinh doanh | F50: Tập thể thị trường Vùng 3 - Doanh số lớn nhất và vùng thị trường có sản lượng bán hàng chính phẩm cao nhất trong thị trường truyền thống tháng 9/2025. | G50: 10000000
C51: 45940 | D51: Nguyễn Thị Bích Hường | E51: Ban Kinh doanh | F51: Tỷ lệ hàn thành kế hoạch doanh số đật TOP 3 toàn hệ thống (Đạt 93,1%) | G51: 10000000
C52: 45940 | D52: Nguyễn Văn Tiến | E52: TBP thiết kế - Ban kinh doanh | F52: Hoàn thành tốt trong công tác thiết kế mẫu 600x1200mm đáp ứng đưa vào sản xuất trong tháng 9/2025. | G52: 5000000
C53: 45940 | D53: Trịnh Kiều Giang | E53: PBP thiết kế - Ban kinh doanh | F53: Hoàn thành tốt trong công tác thiết kế mẫu 600x1200mm đáp ứng đưa vào sản xuất trong tháng 9/2025. | G53: 5000000
C54: 45966 | E54: Phân xưởng sản xuất bao bì | F54: Khen thưởng đối với tập thể và cá nhân đã có thành tích xuất sắc, tinh thần trách nhiệm cao trong qua trình triển khai, lắp đặt và đưa vào hoạt động thành công Phân Xưởng sản xuất bao bì tại Phân xưởng sản xuất 2 | G54: 5000000
D55: Nguyễn Thanh Hải | E55: PGĐ Công ty | G55: 10000000
D56: Lê Văn Luận | E56: PGĐ PX bao bì | G56: 10000000
D57: Lê Quang Trung | E57: PTGĐ Phụ trách tổ chức | G57: 3000000
D58: Trần Quốc Tuấn | E58: GĐ PX2 | G58: 3000000
D59: Nguyễn Thế Hùng | E59: PGĐ PX2 | G59: 3000000
D60: Quách Văn Thường | E60: PGĐ PX2 | G60: 4000000
D61: Nguyễn Văn Toàn | E61: PP kỹ thuật PX2 | G61: 8000000
D62: Đinh Xuân Lộc | E62: Quản đốc PX sản xuất bao bì | G62: 3000000
D63: Nguyễn Huy Dũng | E63: KT Ban đầu tư | G63: 2000000
D64: Nguyễn Văn Dương | E64: PGĐ Ban kinh doanh | G64: 3000000
D65: Nguyễn Đức Hà | E65: NV mua hàng | G65: 1500000
C66: 45967 | D66: Hoàng Minh Hà | E66: PGĐ PX1 | G66: 2000000
D67: Mai Văn Luận | E67: Trưởng BP Kho | G67: 2000000
C68: 45992 | D68: Nguyễn Xuân Nam | E68: Tổ Bảo vệ | F68: Vì đã có thành tích hoàn thành tốt nhiệm vụ trong ca trực đêm ngày 18/11/2025, thông qua hệ thống camera giám sát, kịp thời phát hiện và ngăn chặn, công nhân bộ phận mài , PXSX1 đưa đồ ăn+ chất kích thích (Bia) vào sử dụng trong ca làm việc. | G68: 500000
C69: 45995 | D69: Đỗ Văn Duyên | E69: Nhân viên QC | F69: Khen thưởng thành tích đột xuất đối với tập thể CBCNV tham gia công tác PCCC tại kho thành phẩm Phân xưởng sản xuất 1, Công ty đầu tư phát triển VICENZA. Vì đã có thành tích hoàn thành xuất sắc nhiệm vụ trong công tác PCCC, xử lý thành công, dập tắt đám cháy khu vực chứa dăm gỗ, đảm bảo an toàn cho người và phương tiện, không gây thiệt hạu tài sản của Công ty. | G69: 500000
D70: Đỗ Văn Thạnh | E70: TT Bảo vệ | G70: 500000
D71: Lê Đình Toàn | E71: TBP mài PX1 | G71: 500000
D72: Lê Ngọc Anh | E72: Đội xe máy | G72: 500000
D73: Trần Thế Anh | E73: Lái máy xúc lật PXCBNL | G73: 300000
D74: Quản Văn Phương | E74: TBP lò nung PX1 | G74: 300000
D75: Nguyễn Hữu Nhân | E75: Lái máy xúc lật PXCBNL | G75: 300000
D76: Vũ Hải Minh | E76: CV Phòng TC | G76: 300000
D77: Đỗ Đức Chung | E77: Phòng TC - HC | G77: 300000
D78: Nguyễn Khắc Thành | E78: PBP trạm than PX1 | G78: 300000
D79: Lê Bá Long | E79: Tổ xe nâng | G79: 300000
D80: Phạm Văn Thiện | E80: Đội sữa chữa | G80: 300000
D81: Lê Thanh Phong | E81: Đội xe máy | G81: 300000
... D113: Lê Duy Dũng | E113: PXCBNL | G113: 1000000
C114: 45996 | D114: Nguyễn Xuân Tuấn | E114: GĐ PX1 | G114: 500000
D115: Nguyễn Văn Thanh | E115: TP sản xuất PX1 | G115: 500000
D116: Phan Văn Thắng | E116: PBP nghiền sấy phun PX2 | G116: 500000
D117: Đinh Quang Trung | E117: NV văn phong CT | G117: 300000
D118: Mai Văn Tới | E118: TP tổ bảo dưỡng mài PX1 | G118: 300000
D119: Nguyễn Huy Tuyên | E119: Bảo dưỡng mài | G119: 300000
D120: Đặng Ngọc Điệp | E120: TBP công nghệ PX1 | G120: 300000
D121: Hoàng Đình Cường | E121: PXCBNL | G121: 300000
A135: 40
A136: 41
A137: 42
A138: 43
A139: 44
A140: 45
A141: 23
A142: 24
A143: 25
A144: 26
A145: 27
A146: 28
... A184: 66
A185: Tổng | G185: =SUM(G10:G184) -> 302000000
B187: Bằng chữ: | F187: =[2]!vnd(G185) -> #NAME?

Sheet Danh sách
A2: DANH SÁCH TỔ XE NÂNG PHỤC VỤ XUẤT HÀNG
A4: STT | B4: MÃ NV | C4: HỌ TÊN | D4: NGÀY SINH | E4: CHỨC VỤ
A5: 1 | B5: NV2213 | C5: Lê Bá Triệu | D5: 30529 | E5: Nhóm trưởng xe nâng
A6: 2 | B6: NV0760 | C6: Đỗ Đức Hùng | D6: 27218 | E6: Nhân viên Lái xe nâng
A7: 3 | B7: NV0757 | C7: Lê Anh Tuấn | D7: 31568 | E7: Nhân viên Lái xe nâng
A8: 4 | B8: NV1871 | C8: Viên Đình Khang | D8: 35098 | E8: Nhân viên Lái xe nâng
A9: 5 | B9: NV1296 | C9: Nguyễn Đăng Ánh | D9: 29421 | E9: Nhân viên Lái xe nâng
A10: 6 | B10: NV1236 | C10: Đỗ Xuân Nam | D10: 30994 | E10: Nhân viên Lái xe nâng
A11: 7 | B11: NV0758 | C11: Đặng Minh Yên | D11: 30127 | E11: Nhân viên Lái xe nâng
A12: 8 | B12: NV0386 | C12: Lê Đình Tuấn | D12: 29514 | E12: Nhân viên Lái xe nâng
A13: 9 | B13: NV1057 | C13: Nguyễn Tuấn Tâm | D13: 33888 | E13: Nhân viên Lái xe nâng
A14: 10 | B14: NV0377 | C14: Lê Quang Việt | D14: 30446 | E14: Nhân viên Lái xe nâng
A15: 11 | B15: NV0382 | C15: Đỗ Văn Khánh | D15: 33374 | E15: Nhân viên Lái xe nâng
A16: 12 | B16: NV2494 | C16: Hoàng Ngọc Huy | D16: 34820 | E16: Nhân viên Lái xe nâng
... A19: 15 | B19: NV0389 | C19: Nguyễn Bá Dũng | D19: 29143 | E19: Nhân viên Lái xe nâng
A22: DANH SÁCH LÁI MÁY XÚC LẬT PXSX1
A24: STT | B24: MÃ NV | C24: HỌ TÊN | D24: NGÀY SINH | E24: CHỨC VỤ
A25: 1 | B25: NV0131 | C25: Nguyễn Viết Thanh | D25: 31253 | E25: Nhóm trưởng xúc lật
A26: 2 | B26: NV0135 | C26: Nguyễn Khắc Thành | D26: 32572 | E26: Xúc lật
A27: 3 | B27: NV4864 | C27: Hoàng Xuân Tùng | D27: 33851 | E27: Xúc lật
A28: 4 | B28: NV1618 | C28: Nguyễn Khắc Thảo | D28: 34495 | E28: Xúc lật
A32: DANH SÁCH TỔ XE NÂNG PHỤC VỤ XUẤT HÀNG
A34: STT | B34: MÃ NV | C34: HỌ TÊN | D34: NGÀY SINH | E34: CHỨC VỤ
A35: 1 | B35: NV0760 | C35: Đỗ Đức Hùng | D35: 27218 | E35: Nhân viên Lái xe nâng
A36: 2 | B36: NV0757 | C36: Lê Anh Tuấn | D36: 31568 | E36: Nhân viên Lái xe nâng
A37: 3 | B37: NV1871 | C37: Viên Đình Khang | D37: 35098 | E37: Nhân viên Lái xe nâng
A38: 4 | B38: NV1296 | C38: Nguyễn Đăng Ánh | D38: 29421 | E38: Nhân viên Lái xe nâng
A39: 5 | B39: NV1236 | C39: Đỗ Xuân Nam | D39: 30994 | E39: Nhân viên Lái xe nâng
A40: 6 | B40: NV0758 | C40: Đặng Minh Yên | D40: 30127 | E40: Nhân viên Lái xe nâng
A41: 7 | B41: NV0386 | C41: Lê Đình Tuấn | D41: 29514 | E41: Nhân viên Lái xe nâng
A42: 8 | B42: NV0377 | C42: Lê Quang Việt | D42: 30446 | E42: Nhân viên Lái xe nâng
A43: 9 | B43: NV0382 | C43: Đỗ Văn Khánh | D43: 33374 | E43: Nhân viên Lái xe nâng
A44: 10 | B44: NV4328 | C44: Nguyễn Viết Thiện | D44: 31472 | E44: Nhân viên Lái xe nâng
A45: 11 | B45: NV0389 | C45: Nguyễn Bá Dũng | D45: 29143 | E45: Nhân viên Lái xe nâng
A46: 12 | B46: NV5522 | C46: Phạm Thế Luyến | D46: 34279 | E46: Nhân viên Lái xe nâng
A47: 13 | B47: NV5529 | C47: Vũ Đình Hải | D47: 33810 | E47: Nhân viên Lái xe nâng
A48: 14

Sheet Tổng hợp điểm phạt
A2: TỔNG CÔNG TY ĐẦU TƯ | H2: CỘNG HÒA XÃ HỘI CHỦ NGHĨA VIỆT NAM
A3: PHÁT TRIỂN ĐÔ THỊ - CTCP | H3: Độc Lập - Tự Do - Hạnh Phúc
H4: Thanh Hóa ngày 05 tháng 12 năm 2025
A5: TỔNG HỢP ĐIỂM PHẠT HÀNG THÁNG2025
A7: TT | B7: Họ và tên | C7: Mã nhân viên | D7: Bộ phận | E7: Tháng 1 | F7: Tháng 2 | G7: Tháng 3 | H7: Tháng 4 | I7: Tháng 5 | J7: Tháng 6 | K7: Tháng 7 | L7: Tháng 8 | M7: Tháng 9 | N7: Tháng 10 | O7: Tháng 11 | P7: Tháng 12 | Q7: Tổng
A8: 1 | B8: Lê Văn Chính | C8: NV2579 | D8: NV Tổ bảo vệ Phòng TC | F8: 15 | M8: 5 | Q8: =SUM(E8,F8:P8) -> 20
A9: 2 | B9: Hoàng Ngọc Dương | C9: NV4119 | D9: NV Thủ kho Phòng Kế toán | F9: 20 | Q9: =SUM(E9,F9:P9) -> 20
A10: 3 | B10: Đỗ Đức Nam | C10: NV3323 | D10: NV QC Ban kiểm soát | F10: 10 | Q10: =SUM(E10,F10:P10) -> 10
A11: 4 | B11: Viên Đình Khang | C11: NV1871 | D11: Lái xe nâng - Tổ PVXH | F11: 18 | Q11: =SUM(E11,F11:P11) -> 18
A12: 5 | B12: Nguyễn Xuân Thuỷ | C12: NV5019 | D12: NV lái xe mỏ - Phòng khai thác | F12: 20 | Q12: =SUM(E12,F12:P12) -> 20
A13: 6 | B13: Lê Bá Cẩn | C13: NV5273 | D13: NV lái xe mỏ - Phòng khai thác | F13: 5 | Q13: =SUM(E13,F13:P13) -> 5
A14: 7 | B14: Nguyễn Duy Dương | C14: NV4640 | D14: CN Dây chuyền - BP nhiên liệu và gia công bán thành phẩm | F14: 20 | Q14: =SUM(E14,F14:P14) -> 20
A15: 8 | B15: Phạm Văn Sơn | C15: NV4187 | D15: Công nhân Lái xe nâng - DC5 - PXSX2 | F15: 30 | Q15: =SUM(E15,F15:P15) -> 30
A16: 9 | B16: Nguyễn Huy Toàn | C16: NV0695 | D16: NV Thủ kho Phòng Kế toán | G16: 8 | Q16: =SUM(E16,F16:P16) -> 8
A17: 10 | B17: Lê Đình Tuấn | C17: NV2486 | D17: NV Tổ bảo vệ Phòng TC | G17: 5 | M17: 13 | Q17: =SUM(E17,F17:P17) -> 18
A18: 11 | B18: Nguyễn Thị Bích Hường | C18: NV0041 | D18: GĐ ban kinh doanh | G18: 2 | H18: 3 | Q18: =SUM(E18,F18:P18) -> 5
A19: 12 | B19: Đỗ Thị Hằng | C19: NV1278 | D19: Nhân viên điều phối vùng 8+9 - Ban kinh doanh | G19: 5 | Q19: =SUM(E19,F19:P19) -> 5
A20: 13 | B20: Nguyễn Văn Tuấn | C20: NV5394 | D20: NV lái xe mỏ - Phòng khai thác | G20: 15 | H20: 5 | Q20: =SUM(E20,F20:P20) -> 20
A21: 14 | B21: Lê Bá Triệu | C21: NV2213 | D21: Lái xe nâng - Tổ PVXH | G21: 15 | Q21: =SUM(E21,F21:P21) -> 15
A22: 15 | B22: Hoàng Huy Tuấn | C22: NV0756 | D22: Tổ phó hậu cần nội vụ , PXSX1 | G22: 5 | Q22: =SUM(E22,F22:P22) -> 5
A23: 16 | B23: Nguyễn Viết Thanh | C23: NV0131 | D23: NT xúc lật | G23: 5 | H23: 3 | M23: 10 | N23: 20 | Q23: =SUM(E23,F23:P23) -> 38
A24: 17 | B24: Nguyễn Khắc Thành | C24: NV0135 | D24: NT xúc lật | G24: 5 | M24: 10 | Q24: =SUM(E24,F24:P24) -> 15
A25: 18 | B25: Nguyễn Khắc Thảo | C25: NV1618 | D25: NT xúc lật | G25: 5 | M25: 10 | Q25: =SUM(E25,F25:P25) -> 15
A26: 19 | B26: Lê Duy Hùng | C26: NV0659 | D26: Tổ trưởng DC gia công ca A - BP DC gia công và lò nung DC5 - PXSX2 | G26: 2 | Q26: =SUM(E26,F26:P26) -> 2
A27: 20 | B27: Nguyễn Thái Thuận | C27: NV0486 | D27: Vận hành máy đóng bao ca 1A DC6 PXSX2 | G27: 5 | Q27: =SUM(E27,F27:P27) -> 5
A28: 21 | B28: Nguyễn Trung Kiên | C28: NV4623 | D28: Quản lý dây chuyền mài PXSX2 | G28: 3 | Q28: =SUM(E28,F28:P28) -> 3
A29: 22 | B29: Trần Thanh Hải | C29: NV3449 | D29: Tổ trưởng mài ca B PXSX2 | G29: 6 | Q29: =SUM(E29,F29:P29) -> 6
A30: 23 | B30: Văn Tiến Đức | C30: NV4557 | D30: Công nhân vận hành bể nước thải PXSX2 | G30: 20 | Q30: =SUM(E30,F30:P30) -> 20
A31: 24 | B31: Lưu Đăng Khoa | C31: NV5216 | D31: Nhân viên test mẫu, BP Công nghệ PXSX2 | G31: 20 | Q31: =SUM(E31,F31:P31) -> 20
A32: 25 | B32: Nguyễn Sỹ Tư | C32: NV3086 | D32: Nhân viên test mẫu, BP Công nghệ PXSX2 | G32: 7 | Q32: =SUM(E32,F32:P32) -> 7
A33: 26 | B33: Vũ Đình Hoàng | C33: NV0215 | D33: CBKT, BP Công nghệ PXSX2 | G33: 3 | H33: 3 | I33: 5 | K33: 5 | L33: 5 | Q33: =SUM(E33,F33:P33) -> 21
A34: 27 | B34: Nguyễn Văn Dương | C34: NV0005 | D34: PGĐ - Ban kinh doanh | H34: 2 | Q34: =SUM(E34,F34:P34) -> 2
A35: 28 | B35: Lê Thị Thanh Thuý | C35: NV4081 | D35: NV - Phòng kế toán | H35: 8 | Q35: =SUM(E35,F35:P35) -> 8
A36: 29 | B36: Trần Thị Hương | C36: NV0027 | D36: Ban kinh doanh | H36: 3 | Q36: =SUM(E36,F36:P36) -> 3
A37: 30 | B37: Nguyễn Thị Biên | C37: NV0036 | D37: Nhân viên hỗ trợ thị trường - Ban kinh doanh | H37: 39 | Q37: =SUM(E37,F37:P37) -> 39
A38: 31 | B38: Nguyễn Thị Hà | C38: NV2352 | D38: Nhân viên hỗ trợ thị trường - Ban kinh doanh | H38: 3 | Q38: =SUM(E38,F38:P38) -> 3
A39: 32 | B39: Lê Hữu Mạnh | C39: NV0861 | D39: Nhân viên hỗ trợ thị trường - Ban kinh doanh | H39: 3 | Q39: =SUM(E39,F39:P39) -> 3
A40: 33 | B40: Lê Tuấn Anh | C40: NV0058 | D40: Phó phòng sản xuất - PXSX1 | H40: 5 | Q40: =SUM(E40,F40:P40) -> 5
A41: 34 | B41: Hoàng Minh Hà | C41: NV0450 | D41: Phó giám đốc PXSX1 | H41: 5 | N41: 5 | Q41: =SUM(E41,F41:P41) -> 10
A42: 35 | B42: Nguyễn Văn Thanh | C42: NV0765 | D42: Trưởng phòng sản xuất PXSX1 | H42: 5 | Q42: =SUM(E42,F42:P42) -> 5
A43: 36 | B43: Lê Khắc Bình | C43: NV0771 | D43: Giám đốc PXSX1 | H43: 5 | Q43: =SUM(E43,F43:P43) -> 5
A44: 37 | B44: Nguyễn Phú Thêm | C44: NV0207 | D44: Tổ trưởng lò nung PXSX1 | H44: 10 | Q44: =SUM(E44,F44:P44) -> 10
A45: 38 | B45: Trần Văn Hùng | C45: NV0223 | D45: Phó bộ phận -Phụ trách đóng hộp PXSX1 | H45: 15 | N45: 2 | Q45: =SUM(E45,F45:P45) -> 17
A46: 39 | B46: Vương Huy Trường | C46: NV0264 | D46: Tổ trưởng ca B Bộ phận đóng hộp PXSX1 | H46: 10 | Q46: =SUM(E46,F46:P46) -> 10
A47: 40 | B47: Đoàn Ngọc Thanh | C47: NV0269 | D47: Tổ trưởng ca A Bộ phận đóng hộp PXSX1 | H47: 10 | Q47: =SUM(E47,F47:P47) -> 10
A48: 41 | B48: Nguyễn Thị Phương | C48: NV5326 | D48: Công nhân bốc lai DC1 PXSX1 | H48: 12 | Q48: =SUM(E48,F48:P48) -> 12
A49: 42 | B49: Lưu Đăng Khoa | C49: NV5216 | D49: Bộ phận công nghệ | H49: 20 | Q49: =SUM(E49,F49:P49) -> 20
A50: 43 | B50: Nguyễn Sỹ Tư | C50: NV3086 | D50: Bộ phận công nghệ | H50: 7 | I50: 11 | Q50: =SUM(E50,F50:P50) -> 18
A51: 44 | B51: Nguyễn Thế Tài | C51: NV0538 | D51: Bộ phận nguyên liệu và gia công | H51: 5 | Q51: =SUM(E51,F51:P51) -> 5
A52: 45 | B52: Đỗ Như Giang | C52: NV1903 | D52: Bộ phận nguyên liệu và gia công | H52: 5 | Q52: =SUM(E52,F52:P52) -> 5
A53: 46 | B53: Phạm Duy Thiết | C53: NV0651 | D53: Bộ phận nguyên liệu và gia công | H53: 2 | Q53: =SUM(E53,F53:P53) -> 2
A54: 47 | B54: Lê Xuân Cảnh | C54: NV0161 | D54: Bộ phận KCS - Ban thanh tra kiểm soát | I54: 11 | Q54: =SUM(E54,F54:P54) -> 11
A55: 48 | B55: Nguyễn Đình Toàn | C55: NV1435 | D55: Bộ phận KCS - Ban thanh tra kiểm soát | I55: 23 | Q55: =SUM(E55,F55:P55) -> 23
A56: 49 | B56: Nguyễn Mạnh Uyên | C56: NV3214 | D56: Trưởng bộ phận kế hoạch SX - BKD | I56: 5 | K56: 6 | Q56: =SUM(E56,F56:P56) -> 11
A57: 50 | B57: Vũ Xuân Tuấn | C57: NV1118 | D57: TGĐ | I57: 3 | Q57: =SUM(E57,F57:P57) -> 3
A58: 51 | B58: Lê Quang Trung | C58: NV0093 | D58: Phó TGĐ - Phụ trách Phòng Tổ chức | I58: 2 | Q58: =SUM(E58,F58:P58) -> 2
A59: 52 | B59: Đỗ Xuân Chinh | C59: NV4890 | D59: Lái xe - Phòng khai thác | I59: 16 | Q59: =SUM(E59,F59:P59) -> 16
A60: 53 | B60: Lê Khả Hoàng | C60: NV0157 | D60: Nhóm trưởng - Bộ phận KCS - Ban thanh tra kiểm soát | I60: 5 | Q60: =SUM(E60,F60:P60) -> 5
A61: 54 | B61: Nguyễn Thái Sỹ | C61: NV0162 | D61: Tổ trưởng - Bộ phận KCS - Ban thanh tra kiểm soát | I61: 3 | Q61: =SUM(E61,F61:P61) -> 3
A62: 55 | B62: Lê Đức Kiệm | C62: NV0716 | D62: Lái máy xúc đào - Phòng khai thác | I62: 3 | Q62: =SUM(E62,F62:P62) -> 3
A63: 56 | B63: Bùi Sỹ Quang | C63: NV0133 | D63: TBP nghiền sấy phun - PXSX1 | I63: 22 | Q63: =SUM(E63,F63:P63) -> 22
A64: 57 | B64: Phan Văn Thắng | C64: NV0275 | D64: Phó bộ phận nhiên liệu và gia công bán thành phẩm | I64: 8 | K64: 5 | Q64: =SUM(E64,F64:P64) -> 13
A65: 58 | B65: Lê Thị Bình | C65: NV0132 | D65: Bộ phận nung và hoàn thiện sản phẩm PXSX1 | I65: 19 | Q65: =SUM(E65,F65:P65) -> 19
A66: 59 | B66: Phạm Văn Thùy | C66: NV2737 | D66: Nhân viên test mẫu - Bộ phận công nghệ PXSX1 | I66: 14 | Q66: =SUM(E66,F66:P66) -> 14
A67: 60 | B67: Nguyễn Trường Giang | C67: NV2660 | D67: Vận hành máy in KTS PXSX1 | I67: 3 | K67: 18 | Q67: =SUM(E67,F67:P67) -> 21
A68: 61 | B68: Cao Văn Nhân | C68: NV2764 | D68: NV kiểm soát công nghệ PXSX1 | I68: 2 | Q68: =SUM(E68,F68:P68) -> 2
A69: 62 | B69: Mai Cát Vượng | C69: NV0425 | D69: NV kiểm soát công nghệ PXSX1 | I69: 2 | Q69: =SUM(E69,F69:P69) -> 2
A70: 63 | B70: Lê Duy Nam | C70: NV0068 | D70: NV kiểm soát công nghệ PXSX1 | I70: 2 | Q70: =SUM(E70,F70:P70) -> 2
A71: 64 | B71: Mai Trọng Ninh | C71: NV1108 | D71: Công nhận vận hành sấy phun PXSX1 | I71: 3 | Q71: =SUM(E71,F71:P71) -> 3
A72: 65 | B72: Đỗ Ngọc Vui | C72: NV1697 | D72: Công nhận vận hành sấy phun PXSX1 | I72: 3 | Q72: =SUM(E72,F72:P72) -> 3
A73: 66 | B73: Nguyễn Trọng Luật | C73: NV0286 | D73: Tổ trưởng sấy phun PXSX1 | I73: 2 | Q73: =SUM(E73,F73:P73) -> 2
A74: 67 | B74: Trịnh Xuân Mong | C74: NV0293 | D74: Tổ trưởng sấy phun PXSX1 | I74: 2 | Q74: =SUM(E74,F74:P74) -> 2
A75: 68 | B75: Nguyễn Hoàng Dũng | C75: NV0574 | D75: Phó bộ phận dây chuyền PXSX1 | I75: 2 | J75: 5 | Q75: =SUM(E75,F75:P75) -> 7
A76: 69 | B76: Trương Văn Thắng | C76: NV0195 | D76: Phó bộ phận dây chuyền PXSX1 | I76: 2 | Q76: =SUM(E76,F76:P76) -> 2
A77: 70 | B77: Bùi Khắc Toàn | C77: NV2085 | D77: Giám sát cân định lượng PXSX | I77: 2 | Q77: =SUM(E77,F77:P77) -> 2
A78: 71 | B78: Nguyễn Đức Thanh | C78: NV5347 | D78: Công nhân - Bộ phận Trạm than và Lò nung PXSX2 | I78: 5 | Q78: =SUM(E78,F78:P78) -> 5
A79: 72 | B79: Nguyễn Kiên Cường | C79: NV2776 | D79: Công nhân - Bộ phận Mài và Đóng hộp PXSX2 | I79: 5 | Q79: =SUM(E79,F79:P79) -> 5
A80: 73 | B80: Trương Văn Nam | C80: NV3775 | D80: Công nhân - Bộ phận Mài và Đóng hộp PXSX2 | I80: 5 | Q80: =SUM(E80,F80:P80) -> 5
A81: 74 | B81: Lường Văn Tùng | C81: NV4564 | D81: Công nhân - Bộ phận Mài và Đóng hộp PXSX2 | I81: 5 | Q81: =SUM(E81,F81:P81) -> 5
A82: 75 | B82: Vũ Đình Lương | C82: NV5045 | D82: Công nhân - Bộ phận Mài và Đóng hộp PXSX2 | I82: 5 | Q82: =SUM(E82,F82:P82) -> 5
A83: 76 | B83: Lê Công Dũng | C83: NV3688 | D83: Công nhân - Bộ phận Mài và Đóng hộp PXSX2 | I83: 5 | Q83: =SUM(E83,F83:P83) -> 5
A84: 77 | B84: Tống Văn Tỵ | C84: NV0576 | D84: Tổ trưởng - Bộ phận Mài và Đóng hộp PXSX2 | I84: 18 | Q84: =SUM(E84,F84:P84) -> 18
A85: 78 | B85: Lê Xuân Long | C85: NV0087 | D85: Phó phòng Kỹ thuật - Phụ trách mài PXSX2 | I85: 2 | Q85: =SUM(E85,F85:P85) -> 2
A86: 79 | B86: Nguyễn Trung Kiên | C86: NV4623 | D86: Phó Bp Mài - PXSX2 | I86: 2 | Q86: =SUM(E86,F86:P86) -> 2
A87: 80 | B87: Hoàng Đình Bảy | C87: NV3966 | D87: Tổ phó mài ca B PXSX2 | I87: 5 | L87: 5 | Q87: =SUM(E87,F87:P87) -> 10
A88: 81 | B88: Trần Quốc Tuấn | C88: NV0600 | D88: Giám đốc PXSX2 | I88: 3 | Q88: =SUM(E88,F88:P88) -> 3
A89: 82 | B89: Mai Văn Thanh | C89: NV0092 | D89: CV - Cán bộ kỹ thuật - Ban đầu tư và khai thác | J89: 10 | Q89: =SUM(E89,F89:P89) -> 10
A90: 83 | B90: Nguyễn Văn Tuấn | C90: NV0096 | D90: CV - Cán bộ kỹ thuật - Ban đầu tư và khai thác | J90: 5 | Q90: =SUM(E90,F90:P90) -> 5
A91: 84 | B91: Đỗ Đức Tùng | C91: NV0340 | D91: TBP kho Đông Văn | J91: 2 | Q91: =SUM(E91,F91:P91) -> 2
A92: 85 | B92: Hoàng Đức Bình | C92: NV0736 | D92: Nhân viên sơ chế - Tổ phục vụ xuất hàng | J92: 12 | Q92: =SUM(E92,F92:P92) -> 12
A93: 86 | B93: Nguyễn Bá Dũng | C93: NV0389 | D93: Nhân viên lái xe nâng - Tổ phục vụ xuất hàng | J93: 12 | Q93: =SUM(E93,F93:P93) -> 12
A94: 87 | B94: Nguyễn Văn Tâm | C94: NV1309 | D94: Nhân viên sơ chế - Tổ phục vụ xuất hàng | J94: 6 | Q94: =SUM(E94,F94:P94) -> 6
A95: 88 | B95: Nguyễn Văn Dũng | C95: NV0403 | D95: Nhân viên lái xe con - Phòng tổ chức hành chính | J95: 25 | Q95: =SUM(E95,F95:P95) -> 25
A96: 89 | B96: Nguyễn Đăng Thiên | C96: NV2434 | D96: Nhân viên thiết kế - Ban kinh doanh | J96: 11 | Q96: =SUM(E96,F96:P96) -> 11
A97: 90 | B97: Lê Bá Cần | C97: NV5273 | D97: Lái xe- Ban đầu tư và khai thác | J97: 6 | Q97: =SUM(E97,F97:P97) -> 6
A98: 91 | B98: Lê Văn Tuấn Anh | C98: NV5534 | D98: Nhân viên lái xe nâng - Tổ phục vụ xuất hàng | J98: 15 | Q98: =SUM(E98,F98:P98) -> 15
A99: 92 | B99: Trần Văn Kỳ | C99: NV0086 | D99: Thủ kho - Phòng kế Toán | J99: 5 | Q99: =SUM(E99,F99:P99) -> 5
A100: 93 | B100: Mai Văn Tới | C100: NV4627 | D100: Tổ trưởng Bảo dưỡng HC - Bộ phận mài PXSX1 | J100: 6 | Q100: =SUM(E100,F100:P100) -> 6
A101: 94 | B101: Bùi Văn Chinh | C101: NV4794 | D101: Tổ trưởng mài ca B - PXSX1 | J101: 6 | N101: 15 | Q101: =SUM(E101,F101:P101) -> 21
A102: 95 | B102: Lê Ngọc Khánh | C102: NV0257 | D102: Tổ trưởng mài ca A - PXSX1 | J102: 6 | Q102: =SUM(E102,F102:P102) -> 6
...
